"System","Tree","Month","Diameter","r","Total Area",">40mm","20-40mm","0-20mm"
1,"HC1","Jan",13.3,5.15,83.3228911548353,4.1547562843725,27.0176968208722,52.1504380495906
1,"HC1","Feb",13.5,5.25,86.5901475145687,4.90873852123405,28.2743338823081,53.4070751110265
1,"HC1","Mar",13.4,5.2,84.948665353068,4.5238934211693,27.6460153515902,52.7787565803085
1,"HC1","Apr",13.75,5.375,90.7625752576176,5.9395736106932,29.845130209103,54.9778714378214
1,"HC1","May",14,5.5,95.0331777710912,7.06858347057703,31.4159265358979,56.5486677646163
1,"HC1","Jun",14.3,5.65,100.28749148422,8.55298599939822,33.3008821280518,58.4336233567702
1,"HC1","Jul",14.4,5.7,102.070345315132,9.0792027688745,33.9292006587698,59.0619418874881
1,"HC1","Aug",14.4,5.7,102.070345315132,9.0792027688745,33.9292006587698,59.0619418874881
1,"HC1","Sep",14.3,5.65,100.28749148422,8.55298599939822,33.3008821280518,58.4336233567702
1,"HC1","Oct",14.7,5.85,107.513154587477,10.7521008569111,35.8141562509236,60.946897479642
1,"HC1","Nov",14.6,5.8,105.683176866761,10.1787601976309,35.1858377202057,60.318578948924
1,"HC1","Dec",14.5,5.75,103.868907109313,9.62112750161874,34.5575191894877,59.6902604182061
1,"HC2","Jan",14.9,5.95,111.220233918713,11.9459060652752,37.0707933123596,62.2035345410779
1,"HC2","Feb",14.5,5.75,103.868907109313,9.62112750161874,34.5575191894877,59.6902604182061
1,"HC2","Mar",14.9,5.95,111.220233918713,11.9459060652752,37.0707933123596,62.2035345410779
1,"HC2","Apr",15.3,6.15,118.8228881404,14.5220120412188,39.5840674352314,64.7168086639497
1,"HC2","May",15.4,6.2,120.762821603992,15.2053084433746,40.2123859659494,65.3451271946677
1,"HC2","Jun",15.45,6.225,121.738678822013,15.552847130678,40.5265452313083,65.6592864600267
1,"HC2","Jul",15.5,6.25,122.718463030851,15.9043128087983,40.8407044966673,65.9734457253857
1,"HC2","Aug",15.5,6.25,122.718463030851,15.9043128087983,40.8407044966673,65.9734457253857
1,"HC2","Sep",16.2,6.6,136.847775990371,21.237166338267,45.238934211693,70.3716754404114
1,"HC2","Oct",15.75,6.375,127.676288937298,17.7205460616549,42.4115008234622,67.5442420521806
1,"HC2","Nov",16.1,6.55,134.782178820636,20.4282062299676,44.6106156809751,69.7433569096934
1,"HC2","Dec",16,6.5,132.732289614169,19.6349540849362,43.9822971502571,69.1150383789755
1,"HC3","Jan",13.6,5.3,88.2473376393373,5.30929158456675,28.9026524130261,54.0353936417444
1,"HC3","Feb",13.4,5.2,84.948665353068,4.5238934211693,27.6460153515902,52.7787565803085
1,"HC3","Mar",13.6,5.3,88.2473376393373,5.30929158456675,28.9026524130261,54.0353936417444
1,"HC3","Apr",13.8,5.4,91.6088417786784,6.157521601036,30.159289474462,55.2920307031804
1,"HC3","May",14,5.5,95.0331777710912,7.06858347057703,31.4159265358979,56.5486677646163
1,"HC3","Jun",14.1,5.55,96.7689077121996,7.54767635024948,32.0442450666159,57.1769862953342
1,"HC3","Jul",14.2,5.6,98.5203456165759,8.04247719318987,32.6725635973338,57.8053048260522
1,"HC3","Aug",14.3,5.65,100.28749148422,8.55298599939822,33.3008821280518,58.4336233567702
1,"HC3","Sep",14.5,5.75,103.868907109313,9.62112750161874,34.5575191894877,59.6902604182061
1,"HC3","Oct",14.55,5.775,104.774078492628,9.89798035421635,34.8716784548467,60.004419683565
1,"HC3","Nov",14.5,5.75,103.868907109313,9.62112750161874,34.5575191894877,59.6902604182061
1,"HC3","Dec",14.5,5.75,103.868907109313,9.62112750161874,34.5575191894877,59.6902604182061
1,"HC4","Jan",14.6,5.8,105.683176866761,10.1787601976309,35.1858377202057,60.318578948924
1,"HC4","Feb",14.5,5.75,103.868907109313,9.62112750161874,34.5575191894877,59.6902604182061
1,"HC4","Mar",14.4,5.7,102.070345315132,9.0792027688745,33.9292006587698,59.0619418874881
1,"HC4","Apr",14.8,5.9,109.358840271461,11.3411494794592,36.4424747816416,61.5752160103599
1,"HC4","May",15.1,6.05,114.99014510302,13.2025431267111,38.3274303737955,63.4601716025138
1,"HC4","Jun",15.4,6.2,120.762821603992,15.2053084433746,40.2123859659494,65.3451271946677
1,"HC4","Jul",15.6,6.3,124.689812420979,16.61902513749,41.4690230273853,66.6017642561036
1,"HC4","Aug",15.7,6.35,126.676869774374,17.3494454294496,42.0973415581032,67.2300827868216
1,"HC4","Sep",15.8,6.4,128.679635091038,18.0955736846772,42.7256600888212,67.8584013175395
1,"HC4","Oct",16,6.5,132.732289614169,19.6349540849362,43.9822971502571,69.1150383789755
1,"HC4","Nov",16.2,6.6,136.847775990371,21.237166338267,45.238934211693,70.3716754404114
1,"HC4","Dec",16,6.5,132.732289614169,19.6349540849362,43.9822971502571,69.1150383789755
1,"HC5","Jan",13.8,5.4,91.6088417786784,6.157521601036,30.159289474462,55.2920307031804
1,"HC5","Feb",13.8,5.4,91.6088417786784,6.157521601036,30.159289474462,55.2920307031804
1,"HC5","Mar",13.8,5.4,91.6088417786784,6.157521601036,30.159289474462,55.2920307031804
1,"HC5","Apr",14.25,5.625,99.4019550549895,8.29576810088555,32.9867228626928,58.1194640914112
1,"HC5","May",14.45,5.725,102.967662716814,9.34820163983812,34.2433599241287,59.3761011528471
1,"HC5","Jun",14.55,5.775,104.774078492628,9.89798035421635,34.8716784548467,60.004419683565
1,"HC5","Jul",14.65,5.825,106.59620223171,10.4634670318625,35.4999969855646,60.632738214283
1,"HC5","Aug",14.7,5.85,107.513154587477,10.7521008569111,35.8141562509236,60.946897479642
1,"HC5","Sep",14.9,5.95,111.220233918713,11.9459060652752,37.0707933123596,62.2035345410779
1,"HC5","Oct",15,6,113.097335529233,12.5663706143592,37.6991118430775,62.8318530717959
1,"HC5","Nov",15,6,113.097335529233,12.5663706143592,37.6991118430775,62.8318530717959
1,"HC5","Dec",14.8,5.9,109.358840271461,11.3411494794592,36.4424747816416,61.5752160103599
1,"HC6","Jan",13.6,5.3,88.2473376393373,5.30929158456675,28.9026524130261,54.0353936417444
1,"HC6","Feb",13.5,5.25,86.5901475145687,4.90873852123405,28.2743338823081,53.4070751110265
1,"HC6","Mar",13.7,5.35,89.9202357273738,5.7255526111674,29.5309709437441,54.6637121724624
1,"HC6","Apr",14.1,5.55,96.7689077121996,7.54767635024948,32.0442450666159,57.1769862953343
1,"HC6","May",14.3,5.65,100.28749148422,8.55298599939822,33.3008821280518,58.4336233567702
1,"HC6","Jun",14.35,5.675,101.176954904268,8.81413088872787,33.6150413934108,58.7477826221291
1,"HC6","Jul",14.45,5.725,102.967662716814,9.34820163983812,34.2433599241287,59.3761011528471
1,"HC6","Aug",14.5,5.75,103.868907109313,9.62112750161874,34.5575191894877,59.6902604182061
1,"HC6","Sep",14.7,5.85,107.513154587477,10.7521008569111,35.8141562509236,60.946897479642
1,"HC6","Oct",14.8,5.9,109.358840271461,11.3411494794592,36.4424747816416,61.5752160103599
1,"HC6","Nov",14.8,5.9,109.358840271461,11.3411494794592,36.4424747816416,61.5752160103599
1,"HC6","Dec",14.7,5.85,107.513154587477,10.7521008569111,35.8141562509236,60.946897479642
1,"HC7","Jan",14.2,5.6,98.5203456165759,8.04247719318987,32.6725635973338,57.8053048260522
1,"HC7","Feb",14,5.5,95.0331777710912,7.06858347057703,31.4159265358979,56.5486677646163
1,"HC7","Mar",14.2,5.6,98.5203456165759,8.04247719318987,32.6725635973338,57.8053048260522
1,"HC7","Apr",14.6,5.8,105.683176866761,10.1787601976309,35.1858377202057,60.318578948924
1,"HC7","May",14.85,5.925,110.287573599678,11.6415642769587,36.7566340470006,61.8893752757189
1,"HC7","Jun",15.1,6.05,114.99014510302,13.2025431267111,38.3274303737955,63.4601716025138
1,"HC7","Jul",15.15,6.075,115.94244037614,13.5265198691125,38.6415896391544,63.7743308678728
1,"HC7","Aug",15.1,6.05,114.99014510302,13.2025431267111,38.3274303737955,63.4601716025138
1,"HC7","Sep",15.4,6.2,120.762821603992,15.2053084433746,40.2123859659494,65.3451271946677
1,"HC7","Oct",15.45,6.225,121.738678822013,15.552847130678,40.5265452313083,65.6592864600267
1,"HC7","Nov",15.5,6.25,122.718463030851,15.9043128087983,40.8407044966673,65.9734457253857
1,"HC7","Dec",15.3,6.15,118.8228881404,14.5220120412188,39.5840674352314,64.7168086639497
1,"HC8","Jan",15.6,6.3,124.689812420979,16.61902513749,41.4690230273853,66.6017642561036
1,"HC8","Feb",15.45,6.225,121.738678822013,15.552847130678,40.5265452313083,65.6592864600267
1,"HC8","Mar",15.6,6.3,124.689812420979,16.61902513749,41.4690230273853,66.6017642561036
1,"HC8","Apr",16.1,6.55,134.782178820636,20.4282062299676,44.6106156809751,69.7433569096934
1,"HC8","May",16.3,6.65,138.929081123375,22.0618344098343,45.867252742411,70.9999939711293
1,"HC8","Jun",16.475,6.7375,142.609162392744,23.5428008216906,46.9668101711674,72.0995513998858
1,"HC8","Jul",16.625,6.8125,145.801805926954,24.8504887637474,47.9092879672443,73.0420291959627
1,"HC8","Aug",16.7,6.85,147.411381288067,25.5175863287831,48.3805268652828,73.5132680940012
1,"HC8","Sep",17,7,153.9380400259,28.2743338823081,50.2654824574367,75.398223686155
1,"HC8","Oct",17.35,7.175,161.731153302211,31.6692174435936,52.4645973149496,77.5973385436679
1,"HC8","Nov",17,7,153.9380400259,28.2743338823081,50.2654824574367,75.398223686155
1,"HC8","Dec",16.95,6.975,152.840446092552,27.8050584796782,49.9513231920777,75.0840644207961
1,"HC9","Jan",16.25,6.625,137.886465061465,21.6475368786422,45.553093477052,70.6858347057703
1,"HC9","Feb",16.1,6.55,134.782178820636,20.4282062299676,44.6106156809751,69.7433569096934
1,"HC9","Mar",16.25,6.625,137.886465061465,21.6475368786422,45.553093477052,70.6858347057703
1,"HC9","Apr",16.75,6.875,148.48934026733,25.9672267773281,48.6946861306418,73.8274273593602
1,"HC9","May",17.05,7.025,155.039560950065,28.7475362757551,50.5796417227957,75.712382951514
1,"HC9","Jun",17.35,7.175,161.731153302211,31.6692174435936,52.4645973149496,77.5973385436679
1,"HC9","Jul",17.6,7.3,167.4154725098,34.2119439975929,54.0353936417445,79.1681348704628
1,"HC9","Aug",17.7,7.35,169.716689128555,35.2565235549114,54.6637121724624,79.7964534011807
1,"HC9","Sep",17.95,7.475,175.538453014738,37.9366947875052,56.2345084992573,81.3672497279756
1,"HC9","Oct",17.25,7.125,159.484914554894,30.6796157577128,51.8362787842316,76.9690200129499
1,"HC9","Nov",18,7.5,176.714586764426,38.484510006475,56.5486677646163,81.6814089933346
1,"HC9","Dec",18.1,7.55,179.078635236252,39.5919214168654,57.1769862953343,82.3097275240526
1,"LO10","Jan",17.6,7.3,167.4154725098,34.2119439975929,54.0353936417445,79.1681348704628
1,"LO10","Feb",17.3,7.15,160.606070433144,31.1724531052447,52.1504380495906,77.2831792783089
1,"LO10","Mar",17.625,7.3125,167.989304042932,34.4716162653661,54.1924732744239,79.3252145031423
1,"LO10","Apr",18.225,7.6125,182.055785149381,40.9982750031989,57.9623844587317,83.0951256874501
1,"LO10","May",18.675,7.8375,192.976746611422,46.2643696887788,60.7898178469625,85.9225590756808
1,"LO10","Jun",19.05,8.025,202.320530386591,50.8957644835631,63.1460123371548,88.2787535658732
1,"LO10","Jul",19.475,8.2375,213.177187374005,56.4117139598739,65.8163660927062,90.9491073214245
1,"LO10","Aug",19.75,8.375,220.353272218197,60.1320468851171,67.5442420521806,92.6769832808989
1,"LO10","Sep",19.95,8.475,225.646855839495,62.9123563835441,68.8008791136165,93.9336203423348
1,"LO10","Oct",19.175,8.0875,205.484212363526,52.4886501337036,63.9314105005523,89.0641517292706
1,"LO10","Nov",20.2,8.6,232.352192659501,66.47610054996,70.3716754404114,95.5044166691297
1,"LO10","Dec",20.25,8.625,233.705040995953,67.2006303556942,70.6858347057703,95.8185759344887
1,"LO11","Jan",19.4,8.2,211.240690027378,55.4176944093239,65.3451271946677,90.4778684233861
1,"LO11","Feb",19.2,8.1,206.119894002026,52.8101725068444,64.0884901332318,89.2212313619501
1,"LO11","Mar",19.25,8.125,207.394202522139,53.4561624962388,64.4026493985908,89.5353906273091
1,"LO11","Apr",19.75,8.375,220.353272218197,60.1320468851171,67.5442420521806,92.6769832808989
1,"LO11","May",20.25,8.625,233.705040995953,67.2006303556942,70.6858347057703,95.8185759344887
1,"LO11","Jun",20.8,8.9,248.845554090848,75.4296396126909,74.1415866247191,99.2743278534375
1,"LO11","Jul",21.35,9.175,264.461233074597,84.1338147585432,77.5973385436679,102.730079772386
1,"LO11","Aug",21.6,9.3,271.716348608981,88.2473376393373,79.1681348704628,104.300876099181
1,"LO11","Sep",21.6,9.3,271.716348608981,88.2473376393373,79.1681348704628,104.300876099181
1,"LO11","Oct",20,8.5,226.980069221863,63.6172512351933,69.1150383789755,94.2477796076938
1,"LO11","Nov",21.9,9.45,280.552077947202,93.3131557932508,81.0530904626166,106.185831691335
1,"LO11","Dec",21.8,9.4,277.591126871194,91.6088417786784,80.4247719318987,105.557513160617
1,"LO12","Jan",20.9,8.95,251.649425534176,76.9768739945839,74.7699051554371,99.9026463841554
1,"LO12","Feb",20.9,8.95,251.649425534176,76.9768739945839,74.7699051554371,99.9026463841554
1,"LO12","Mar",21.05,9.025,255.884685130297,79.3271779985508,75.712382951514,100.845124180232
1,"LO12","Apr",21.55,9.275,270.25747152047,87.4167790815445,78.8539756051038,103.986716833822
1,"LO12","May",22,9.5,283.528736986479,95.0331777710912,81.6814089933346,106.814150222053
1,"LO12","Jun",22.4,9.7,295.592452776264,102.070345315132,84.1946831162064,109.327424344925
1,"LO12","Jul",22.75,9.875,306.354371110217,108.43403393406,86.3937979737193,111.526539202438
1,"LO12","Aug",22.9,9.95,311.025526687023,111.220233918713,87.3362757697962,112.469016998515
1,"LO12","Sep",23.1,10.05,317.308711994203,114.99014510302,88.5929128312322,113.725654059951
1,"LO12","Oct",22,9.5,283.528736986479,95.0331777710912,81.6814089933346,106.814150222053
1,"LO12","Nov",23,10,314.159265358979,113.097335529233,87.9645943005142,113.097335529233
1,"LO12","Dec",23,10,314.159265358979,113.097335529233,87.9645943005142,113.097335529233
1,"LO13","Jan",16.6,6.8,145.267244301992,24.630086404144,47.7522083345649,72.8849495632832
1,"LO13","Feb",16.5,6.75,143.138815279185,23.7582944427728,47.1238898038469,72.2566310325652
1,"LO13","Mar",16.6,6.8,145.267244301992,24.630086404144,47.7522083345649,72.8849495632832
1,"LO13","Apr",17.05,7.025,155.039560950065,28.7475362757551,50.5796417227957,75.712382951514
1,"LO13","May",17.35,7.175,161.731153302211,31.6692174435936,52.4645973149496,77.5973385436679
1,"LO13","Jun",17.65,7.325,168.564117323769,34.7322702808436,54.3495529071034,79.4822941358218
1,"LO13","Jul",17.65,7.325,168.564117323769,34.7322702808436,54.3495529071034,79.4822941358218
1,"LO13","Aug",17.5,7.25,165.129963854314,33.1830724035422,53.4070751110265,78.5398163397448
1,"LO13","Sep",17.8,7.4,172.033613710577,36.316811075498,55.2920307031804,80.4247719318987
1,"LO13","Oct",18.6,7.8,191.134497044403,45.3645979178366,60.318578948924,85.4513201776424
1,"LO13","Nov",17.7,7.35,169.716689128555,35.2565235549114,54.6637121724624,79.7964534011807
1,"LO13","Dec",17.6,7.3,167.4154725098,34.2119439975929,54.0353936417445,79.1681348704628
1,"LO14","Jan",18,7.5,176.714586764426,38.484510006475,56.5486677646163,81.6814089933346
1,"LO14","Feb",17.8,7.4,172.033613710577,36.316811075498,55.2920307031804,80.4247719318987
1,"LO14","Mar",18.05,7.525,177.894647504931,39.0362522162617,56.8628270299753,81.9955682586936
1,"LO14","Apr",18.65,7.825,192.361681674711,45.9634640174271,60.632738214283,85.7654794430013
1,"LO14","May",19.2,8.1,206.119894002026,52.8101725068444,64.0884901332318,89.2212313619501
1,"LO14","Jun",19.8,8.4,221.670777637296,60.8212337734984,67.8584013175395,92.9911425462579
1,"LO14","Jul",20.1,8.55,229.658276959048,65.0388219109427,69.7433569096934,94.8760981384117
1,"LO14","Aug",20.1,8.55,229.658276959048,65.0388219109427,69.7433569096934,94.8760981384117
1,"LO14","Sep",20.3,8.65,235.061816323222,67.9290871522453,70.9999939711293,96.1327351998477
1,"LO14","Oct",21.25,9.125,261.586675796563,82.5158945419444,76.9690200129499,102.101761241668
1,"LO14","Nov",20.6,8.8,243.284935093994,72.3822947387089,72.8849495632832,98.0176907920016
1,"LO14","Dec",20.7,8.85,246.057390610787,73.8981131940659,73.5132680940011,98.6460093227195
1,"LO15","Jan",18.6,7.8,191.134497044403,45.3645979178366,60.318578948924,85.4513201776424
1,"LO15","Feb",18.4,7.7,186.265028431339,43.0084034276442,59.0619418874881,84.1946831162064
1,"LO15","Mar",18.7,7.85,193.592793295837,46.5662571078347,60.946897479642,86.0796387083603
1,"LO15","Apr",19.25,8.125,207.394202522139,53.4561624962388,64.4026493985908,89.5353906273091
1,"LO15","May",19.65,8.325,217.730042352449,58.7654540808056,66.9159235214626,92.048664750181
1,"LO15","Jun",19.95,8.475,225.646855839495,62.9123563835441,68.8008791136165,93.9336203423348
1,"LO15","Jul",20.2,8.6,232.352192659501,66.47610054996,70.3716754404114,95.5044166691297
1,"LO15","Aug",20.4,8.7,237.787147950211,69.3977817177985,71.6283125018473,96.7610537305656
1,"LO15","Sep",20.5,8.75,240.528187540469,70.8821842466197,72.2566310325652,97.3893722612836
1,"LO15","Oct",21.9,9.45,280.552077947202,93.3131557932508,81.0530904626166,106.185831691335
1,"LO15","Nov",20.7,8.85,246.057390610787,73.8981131940659,73.5132680940011,98.6460093227195
1,"LO15","Dec",20.6,8.8,243.284935093994,72.3822947387089,72.8849495632832,98.0176907920016
1,"LO16","Jan",17.5,7.25,165.129963854314,33.1830724035422,53.4070751110265,78.5398163397448
1,"LO16","Feb",17.5,7.25,165.129963854314,33.1830724035422,53.4070751110265,78.5398163397448
1,"LO16","Mar",17.65,7.325,168.564117323769,34.7322702808436,54.3495529071034,79.4822941358218
1,"LO16","Apr",18.25,7.625,182.654160375119,41.2824909635784,58.1194640914112,83.2522053201295
1,"LO16","May",18.7,7.85,193.592793295837,46.5662571078347,60.946897479642,86.0796387083603
1,"LO16","Jun",19.05,8.025,202.320530386591,50.8957644835631,63.1460123371549,88.2787535658732
1,"LO16","Jul",19.45,8.225,212.530706510758,56.0793923619863,65.6592864600267,90.792027688745
1,"LO16","Aug",19.8,8.4,221.670777637296,60.8212337734984,67.8584013175395,92.9911425462579
1,"LO16","Sep",19.9,8.45,224.317569447945,62.2113885227119,68.4867198482575,93.6194610769758
1,"LO16","Oct",18.9,7.95,198.556509688509,49.0166993776347,62.2035345410779,87.3362757697962
1,"LO16","Nov",20,8.5,226.980069221863,63.6172512351933,69.1150383789755,94.2477796076938
1,"LO16","Dec",19.9,8.45,224.317569447945,62.2113885227119,68.4867198482575,93.6194610769758
1,"LO17","Jan",16.7,6.85,147.411381288067,25.5175863287831,48.3805268652828,73.5132680940011
1,"LO17","Feb",16.7,6.85,147.411381288067,25.5175863287831,48.3805268652828,73.5132680940011
1,"LO17","Mar",16.75,6.875,148.48934026733,25.9672267773281,48.6946861306418,73.8274273593602
1,"LO17","Apr",17.4,7.2,162.860163162095,32.1699087727595,52.7787565803085,77.9114978090269
1,"LO17","May",17.8,7.4,172.033613710577,36.316811075498,55.2920307031804,80.4247719318987
1,"LO17","Jun",18.1,7.55,179.078635236252,39.5919214168654,57.1769862953343,82.3097275240526
1,"LO17","Jul",18.35,7.675,185.057478755115,42.4291722821387,58.7477826221291,83.8805238508475
1,"LO17","Aug",18.4,7.7,186.265028431339,43.0084034276442,59.0619418874881,84.1946831162064
1,"LO17","Sep",18.5,7.75,188.691908756237,44.1786466911065,59.6902604182061,84.8230016469244
1,"LO17","Oct",19.65,8.325,217.730042352449,58.7654540808056,66.9159235214626,92.048664750181
1,"LO17","Nov",18.8,7.9,196.066797510539,47.7836242611008,61.5752160103599,86.7079572390783
1,"LO17","Dec",18.6,7.8,191.134497044403,45.3645979178366,60.318578948924,85.4513201776424
2,"LC1","Jan",22.3,9.65,292.552961883915,100.28749148422,83.5663645854885,108.699105814207
2,"LC1","Feb",22.1,9.55,286.521103989023,96.7689077121996,82.3097275240526,107.442468752771
2,"LC1","Mar",22.35,9.675,294.070743834681,101.176954904268,83.8805238508475,109.013265079566
2,"LC1","Apr",22.875,9.9375,310.244546388295,110.753412885343,87.1791961371167,112.311937365835
2,"LC1","May",23.35,10.175,325.25105092156,119.790891376787,90.1637091580271,115.296450386745
2,"LC1","Jun",23.525,10.2625,330.869102159112,123.209827756827,91.2632665867835,116.396007815502
2,"LC1","Jul",23.775,10.3875,338.978338196191,128.177471140316,92.8340629135784,117.966804142297
2,"LC1","Aug",24,10.5,346.360590058275,132.732289614169,94.2477796076938,119.380520836412
2,"LC1","Sep",24.15,10.575,351.326269946355,135.813013910095,95.1902574037707,120.322998632489
2,"LC1","Oct",22.625,9.8125,302.488739524745,106.139198675383,85.6083998103219,110.74114103904
2,"LC1","Nov",24.45,10.725,361.363658474574,142.080491254007,97.0752129959246,122.207954224643
2,"LC1","Dec",24.45,10.725,361.363658474574,142.080491254007,97.0752129959246,122.207954224643
2,"LC2","Jan",22.7,9.85,304.805173232916,107.513154587477,86.0796387083603,111.212379937079
2,"LC2","Feb",22.7,9.85,304.805173232916,107.513154587477,86.0796387083603,111.212379937079
2,"LC2","Mar",22.9,9.95,311.025526687023,111.220233918713,87.3362757697962,112.469016998515
2,"LC2","Apr",23.35,10.175,325.25105092156,119.790891376787,90.1637091580271,115.296450386745
2,"LC2","May",23.75,10.375,338.162996727814,127.676288937298,92.6769832808989,117.809724509617
2,"LC2","Jun",24.15,10.575,351.326269946355,135.813013910095,95.1902574037707,120.322998632489
2,"LC2","Jul",24.65,10.825,368.13379064306,146.337349299621,98.3318500573605,123.464591286079
2,"LC2","Aug",25,11,380.132711084365,153.9380400259,100.530964914873,125.663706143592
2,"LC2","Sep",25.2,11.1,387.075630848798,158.367685667461,101.787601976309,126.920343205028
2,"LC2","Oct",22.85,9.925,309.464547837271,110.287573599678,87.0221165044373,112.154857733156
2,"LC2","Nov",25.7,11.35,404.707819617071,169.716689128555,104.929194629899,130.061935858617
2,"LC2","Dec",25.5,11.25,397.607820219958,165.129963854314,103.672557568463,128.805298797181
2,"LC3","Jan",20,8.5,226.980069221863,63.6172512351933,69.1150383789755,94.2477796076938
2,"LC3","Feb",19.8,8.4,221.670777637296,60.8212337734984,67.8584013175395,92.9911425462579
2,"LC3","Mar",19.9,8.45,224.317569447945,62.2113885227119,68.4867198482575,93.6194610769758
2,"LC3","Apr",20.45,8.725,239.155704249932,70.1380194868007,71.9424717672063,97.0752129959246
2,"LC3","May",20.7,8.85,246.057390610787,73.898113194066,73.5132680940012,98.6460093227195
2,"LC3","Jun",20.85,8.925,250.245526317103,76.2012933082289,74.4557458900781,99.5884871187965
2,"LC3","Jul",21.1,9.05,257.304292310638,80.1184666481737,76.026542216873,101.159283445591
2,"LC3","Aug",21.3,9.15,263.021990940171,83.3228911548353,77.2831792783089,102.415920507027
2,"LC3","Sep",21.4,9.2,265.90440219984,84.948665353068,77.9114978090269,103.044239037745
2,"LC3","Oct",20.1,8.55,229.658276959048,65.0388219109427,69.7433569096934,94.8760981384117
2,"LC3","Nov",21.8,9.4,277.591126871194,91.6088417786784,80.4247719318987,105.557513160617
2,"LC3","Dec",21.7,9.35,274.645883758454,89.9202357273738,79.7964534011807,104.929194629899
2,"LC4","Jan",20.8,8.9,248.845554090848,75.4296396126909,74.1415866247191,99.2743278534375
2,"LC4","Feb",21,9,254.469004940773,78.5398163397448,75.398223686155,100.530964914873
2,"LC4","Mar",20.95,8.975,253.057251742066,77.7563816717559,75.0840644207961,100.216805649514
2,"LC4","Apr",21.6,9.3,271.716348608981,88.2473376393373,79.1681348704628,104.300876099181
2,"LC4","May",22,9.5,283.528736986479,95.0331777710912,81.6814089933346,106.814150222053
2,"LC4","Jun",22.25,9.625,291.039106923967,99.4019550549895,83.2522053201295,108.384946548848
2,"LC4","Jul",22.55,9.775,300.181141545913,104.774078492628,85.1371609122834,110.269902141002
2,"LC4","Aug",22.8,9.9,307.907495978336,109.358840271461,86.7079572390783,111.840698467797
2,"LC4","Sep",23,10,314.159265358979,113.097335529233,87.9645943005142,113.097335529233
2,"LC4","Oct",24.15,10.575,351.326269946355,135.813013910095,95.1902574037707,120.322998632489
2,"LC4","Nov",23.3,10.15,323.654729154455,118.8228881404,89.8495498926681,114.982291121386
2,"LC4","Dec",23.2,10.1,320.473866592695,116.898662640076,89.2212313619501,114.353972590668
2,"LC5","Jan",21.7,9.35,274.645883758454,89.9202357273738,79.7964534011807,104.929194629899
2,"LC5","Feb",21.5,9.25,268.802521422777,86.5901475145687,78.5398163397448,103.672557568463
2,"LC5","Mar",21.8,9.4,277.591126871194,91.6088417786783,80.4247719318987,105.557513160617
2,"LC5","Apr",22.35,9.675,294.070743834681,101.176954904268,83.8805238508475,109.013265079566
2,"LC5","May",22.65,9.825,303.259902346431,106.59620223171,85.7654794430013,110.89822067172
2,"LC5","Jun",22.8,9.9,307.907495978336,109.358840271461,86.7079572390783,111.840698467797
2,"LC5","Jul",23.05,10.025,315.732025181183,114.041776820718,88.2787535658732,113.411494794592
2,"LC5","Aug",23.3,10.15,323.654729154455,118.8228881404,89.8495498926681,114.982291121386
2,"LC5","Sep",23.8,10.4,339.794661412272,128.679635091038,92.9911425462579,118.123883774976
2,"LC5","Oct",23.9,10.45,343.069771753639,130.698108370969,93.6194610769758,118.752202305694
2,"LC5","Nov",23.8,10.4,339.794661412272,128.679635091038,92.9911425462579,118.123883774976
2,"LC5","Dec",23.8,10.4,339.794661412272,128.679635091038,92.9911425462579,118.123883774976
2,"LC6","Jan",15.4,6.2,120.762821603992,15.2053084433746,40.2123859659494,65.3451271946677
2,"LC6","Feb",15.3,6.15,118.8228881404,14.5220120412188,39.5840674352314,64.7168086639497
2,"LC6","Mar",15.55,6.275,123.702174230507,16.2597054777357,41.1548637620263,66.2876049907447
2,"LC6","Apr",16,6.5,132.732289614169,19.6349540849362,43.9822971502571,69.1150383789755
2,"LC6","May",16.35,6.675,139.975624176102,22.4800589318435,46.18141200777,71.3141532364883
2,"LC6","Jun",16.5,6.75,143.138815279185,23.7582944427728,47.1238898038469,72.2566310325652
2,"LC6","Jul",16.7,6.85,147.411381288067,25.5175863287831,48.3805268652828,73.5132680940011
2,"LC6","Aug",16.9,6.95,151.746779150021,27.3397100678652,49.6371639267187,74.7699051554371
2,"LC6","Sep",17.1,7.05,156.145008865047,29.2246656600191,50.8938009881547,76.026542216873
2,"LC6","Oct",21.4,9.2,265.90440219984,84.948665353068,77.9114978090269,103.044239037745
2,"LC6","Nov",17.2,7.1,158.367685667461,30.1907054009979,51.5221195188726,76.654860747591
2,"LC6","Dec",17.1,7.05,156.145008865047,29.2246656600191,50.8938009881547,76.026542216873
2,"LC7","Jan",24.2,10.6,352.989350557349,136.847775990371,95.5044166691297,120.637157897848
2,"LC7","Feb",24,10.5,346.360590058275,132.732289614169,94.2477796076938,119.380520836412
2,"LC7","Mar",24.15,10.575,351.326269946355,135.813013910095,95.1902574037707,120.322998632489
2,"LC7","Apr",24.7,10.85,369.836141162224,147.411381288067,98.6460093227195,123.778750551438
2,"LC7","May",25.15,11.075,385.334010421465,157.254383770846,101.47344271095,126.606183939669
2,"LC7","Jun",25.5,11.25,397.607820219958,165.129963854314,103.672557568463,128.805298797181
2,"LC7","Jul",26.1,11.55,419.096313970512,179.078635236252,107.442468752771,132.575209981489
2,"LC7","Aug",26.5,11.75,433.736135736241,188.691908756237,109.955742875643,135.088484104361
2,"LC7","Sep",26.6,11.8,437.435361085843,191.134497044403,110.584061406361,135.716802635079
2,"LC7","Oct",24.4,10.7,359.680942909495,141.026094219646,96.7610537305656,121.893794959284
2,"LC7","Nov",27.1,12.05,456.167107282872,203.583057934253,113.725654059951,138.858395288669
2,"LC7","Dec",26.9,11.95,448.627284914256,198.556509688509,112.469016998515,137.601758227233
2,"LC8","Jan",16.4,6.7,141.026094219646,22.9022104446696,46.4955712731289,71.6283125018473
2,"LC8","Feb",16.3,6.65,138.929081123375,22.0618344098343,45.867252742411,70.9999939711293
2,"LC8","Mar",16.4,6.7,141.026094219646,22.9022104446696,46.4955712731289,71.6283125018473
2,"LC8","Apr",16.85,6.925,150.657039198307,26.8782886468692,49.3230046613598,74.4557458900781
2,"LC8","May",17.15,7.075,157.254383770846,29.7057220351,51.2079602535136,76.340701482232
2,"LC8","Jun",17.4,7.2,162.860163162095,32.1699087727595,52.7787565803085,77.9114978090269
2,"LC8","Jul",17.65,7.325,168.564117323769,34.7322702808436,54.3495529071034,79.4822941358218
2,"LC8","Aug",17.8,7.4,172.033613710577,36.316811075498,55.2920307031804,80.4247719318987
2,"LC8","Sep",17.8,7.4,172.033613710577,36.316811075498,55.2920307031804,80.4247719318987
2,"LC8","Oct",20.7,8.85,246.057390610787,73.8981131940659,73.5132680940011,98.6460093227195
2,"LC8","Nov",18.1,7.55,179.078635236252,39.5919214168654,57.1769862953343,82.3097275240526
2,"LC8","Dec",18.1,7.55,179.078635236252,39.5919214168654,57.1769862953343,82.3097275240526
2,"LC9","Jan",21.2,9.1,260.155287643771,81.7128249198705,76.654860747591,101.787601976309
2,"LC9","Feb",21.1,9.05,257.304292310638,80.1184666481737,76.026542216873,101.159283445591
2,"LC9","Mar",21.3,9.15,263.021990940171,83.3228911548353,77.2831792783089,102.415920507027
2,"LC9","Apr",21.7,9.35,274.645883758454,89.9202357273738,79.7964534011807,104.929194629899
2,"LC9","May",22.1,9.55,286.521103989023,96.7689077121996,82.3097275240526,107.442468752771
2,"LC9","Jun",22.35,9.675,294.070743834681,101.176954904268,83.8805238508475,109.013265079566
2,"LC9","Jul",22.55,9.775,300.181141545913,104.774078492628,85.1371609122834,110.269902141002
2,"LC9","Aug",22.7,9.85,304.805173232916,107.513154587477,86.0796387083603,111.212379937079
2,"LC9","Sep",22.8,9.9,307.907495978336,109.358840271461,86.7079572390783,111.840698467797
2,"LC9","Oct",23.3,10.15,323.654729154455,118.8228881404,89.8495498926681,114.982291121386
2,"LC9","Nov",22.9,9.95,311.025526687023,111.220233918713,87.3362757697962,112.469016998515
2,"LC9","Dec",22.9,9.95,311.025526687023,111.220233918713,87.3362757697962,112.469016998515
2,"HO10","Jan",17.65,7.325,168.564117323769,34.7322702808436,54.3495529071034,79.4822941358218
2,"HO10","Feb",17.4,7.2,162.860163162095,32.1699087727595,52.7787565803085,77.9114978090269
2,"HO10","Mar",17.45,7.225,163.993100012796,32.6745270927423,53.0929158456675,78.2256570743859
2,"HO10","Apr",17.95,7.475,175.538453014738,37.9366947875053,56.2345084992573,81.3672497279757
2,"HO10","May",18.25,7.625,182.654160375119,41.2824909635784,58.1194640914112,83.2522053201295
2,"HO10","Jun",18.55,7.775,189.911239404911,44.769658809063,60.004419683565,85.1371609122834
2,"HO10","Jul",18.7,7.85,193.592793295837,46.5662571078347,60.946897479642,86.0796387083603
2,"HO10","Aug",18.75,7.875,194.82783190778,47.1729771890592,61.261056745001,86.3937979737193
2,"HO10","Sep",19.25,8.125,207.394202522139,53.4561624962388,64.4026493985908,89.5353906273091
2,"HO10","Oct",18.2,7.6,181.458391671346,40.7150407905237,57.8053048260522,82.9380460547706
2,"HO10","Nov",19.25,8.125,207.394202522139,53.4561624962388,64.4026493985908,89.5353906273091
2,"HO10","Dec",19.25,8.125,207.394202522139,53.4561624962388,64.4026493985908,89.5353906273091
2,"HO11","Jan",14.9,5.95,111.220233918713,11.9459060652752,37.0707933123596,62.2035345410779
2,"HO11","Feb",14.7,5.85,107.513154587477,10.7521008569111,35.8141562509236,60.946897479642
2,"HO11","Mar",14.75,5.875,108.43403393406,11.0446616727766,36.1283155162826,61.261056745001
2,"HO11","Apr",15.1,6.05,114.99014510302,13.2025431267111,38.3274303737955,63.4601716025138
2,"HO11","May",15.35,6.175,119.790891376787,14.8616967468882,39.8982267005904,65.0309679293087
2,"HO11","Jun",15.45,6.225,121.738678822013,15.552847130678,40.5265452313083,65.6592864600267
2,"HO11","Jul",15.65,6.325,125.681377602268,16.9822717880613,41.7831822927443,66.9159235214626
2,"HO11","Aug",15.8,6.4,128.679635091038,18.0955736846772,42.7256600888212,67.8584013175395
2,"HO11","Sep",15.8,6.4,128.679635091038,18.0955736846772,42.7256600888212,67.8584013175395
2,"HO11","Oct",21.4,9.2,265.90440219984,84.948665353068,77.9114978090269,103.044239037745
2,"HO11","Nov",15.9,6.45,130.698108370969,18.8574099031727,43.3539786195391,68.4867198482575
2,"HO11","Dec",15.9,6.45,130.698108370969,18.8574099031727,43.3539786195391,68.4867198482575
2,"HO12","Jan",12.2,4.6,66.47610054996,1.13097335529232,20.1061929829747,45.238934211693
2,"HO12","Feb",12.2,4.6,66.47610054996,1.13097335529232,20.1061929829747,45.238934211693
2,"HO12","Mar",12.4,4.7,69.3977817177985,1.539380400259,21.3628300444106,46.4955712731289
2,"HO12","Apr",12.95,4.975,77.7563816717559,2.98647651631879,24.8185819633594,49.9513231920777
2,"HO12","May",13.25,5.125,82.5158945419444,3.97607820219958,26.7035375555132,51.8362787842316
2,"HO12","Jun",13.45,5.225,85.7674429384098,4.71435247579318,27.9601746169492,53.0929158456675
2,"HO12","Jul",13.65,5.325,89.0818231879471,5.51545860245858,29.2168116783851,54.3495529071034
2,"HO12","Aug",13.8,5.4,91.6088417786784,6.157521601036,30.159289474462,55.2920307031804
2,"HO12","Sep",13.9,5.45,93.3131557932508,6.60519855417254,30.78760800518,55.9203492338983
2,"HO12","Oct",16.1,6.55,134.782178820636,20.4282062299676,44.6106156809751,69.7433569096934
2,"HO12","Nov",14,5.5,95.0331777710912,7.06858347057703,31.4159265358979,56.5486677646163
2,"HO12","Dec",14,5.5,95.0331777710912,7.06858347057703,31.4159265358979,56.5486677646163
2,"HO13","Jan",14.5,5.75,103.868907109313,9.62112750161874,34.5575191894877,59.6902604182061
2,"HO13","Feb",14.4,5.7,102.070345315132,9.0792027688745,33.9292006587698,59.0619418874881
2,"HO13","Mar",14.55,5.775,104.774078492628,9.89798035421635,34.8716784548467,60.004419683565
2,"HO13","Apr",14.95,5.975,112.156821228564,12.2541748444087,37.3849525777185,62.5176938064369
2,"HO13","May",15.35,6.175,119.790891376787,14.8616967468882,39.8982267005904,65.0309679293087
2,"HO13","Jun",15.65,6.325,125.681377602268,16.9822717880613,41.7831822927442,66.9159235214626
2,"HO13","Jul",15.9,6.45,130.698108370969,18.8574099031727,43.3539786195391,68.4867198482575
2,"HO13","Aug",16.1,6.55,134.782178820636,20.4282062299676,44.6106156809751,69.7433569096934
2,"HO13","Sep",16.4,6.7,141.026094219646,22.9022104446696,46.4955712731289,71.6283125018473
2,"HO13","Oct",19.75,8.375,220.353272218197,60.1320468851171,67.5442420521806,92.6769832808989
2,"HO13","Nov",16.7,6.85,147.411381288067,25.5175863287831,48.3805268652828,73.5132680940011
2,"HO13","Dec",16.7,6.85,147.411381288067,25.5175863287831,48.3805268652828,73.5132680940011
2,"HO14","Jan",16.7,6.85,147.411381288067,25.5175863287831,48.3805268652828,73.5132680940011
2,"HO14","Feb",16.7,6.85,147.411381288067,25.5175863287831,48.3805268652828,73.5132680940011
2,"HO14","Mar",16.75,6.875,148.48934026733,25.9672267773281,48.6946861306418,73.8274273593602
2,"HO14","Apr",17.1,7.05,156.145008865047,29.2246656600191,50.8938009881547,76.026542216873
2,"HO14","May",17.35,7.175,161.731153302211,31.6692174435936,52.4645973149496,77.5973385436679
2,"HO14","Jun",17.6,7.3,167.4154725098,34.2119439975929,54.0353936417445,79.1681348704628
2,"HO14","Jul",17.85,7.425,173.197966487814,36.8528453220168,55.6061899685393,80.7389311972577
2,"HO14","Aug",18,7.5,176.714586764426,38.484510006475,56.5486677646163,81.6814089933346
2,"HO14","Sep",18.1,7.55,179.078635236252,39.5919214168654,57.1769862953343,82.3097275240526
2,"HO14","Oct",19.1,8.05,203.583057934253,51.5299735005066,63.4601716025138,88.5929128312322
2,"HO14","Nov",18.4,7.7,186.265028431339,43.0084034276442,59.0619418874881,84.1946831162064
2,"HO14","Dec",18.2,7.6,181.458391671346,40.7150407905237,57.8053048260522,82.9380460547706
2,"HO15","Jan",11.4,4.2,55.4176944093239,0.125663706143592,15.079644737231,40.2123859659494
2,"HO15","Feb",11.2,4.1,52.8101725068444,0.0314159265358977,13.8230076757951,38.9557489045134
2,"HO15","Mar",11.3,4.15,54.1060794764502,0.0706858347057707,14.4513262065131,39.5840674352314
2,"HO15","Apr",11.5,4.25,56.7450173054656,0.196349540849362,15.707963267949,40.8407044966673
2,"HO15","May",11.75,4.375,60.1320468851171,0.441786466911065,17.2787595947439,42.4115008234622
2,"HO15","Jun",11.9,4.45,62.2113885227119,0.636172512351934,18.2212373908208,43.3539786195391
2,"HO15","Jul",11.95,4.475,62.9123563835441,0.708821842466196,18.5353966561798,43.6681378848981
2,"HO15","Aug",12,4.5,63.6172512351933,0.785398163397448,18.8495559215388,43.9822971502571
2,"HO15","Sep",12.1,4.55,65.0388219109427,0.950331777710912,19.4778744522567,44.6106156809751
2,"HO15","Oct",15.35,6.175,119.790891376787,14.8616967468882,39.8982267005904,65.0309679293087
2,"HO15","Nov",12.1,4.55,65.0388219109427,0.950331777710912,19.4778744522567,44.6106156809751
2,"HO15","Dec",12.2,4.6,66.47610054996,1.13097335529232,20.1061929829747,45.238934211693
2,"HO16","Jan",14.9,5.95,111.220233918713,11.9459060652752,37.0707933123596,62.2035345410779
2,"HO16","Feb",14.8,5.9,109.358840271461,11.3411494794592,36.4424747816416,61.5752160103599
2,"HO16","Mar",14.9,5.95,111.220233918713,11.9459060652752,37.0707933123596,62.2035345410779
2,"HO16","Apr",15.25,6.125,117.85881189483,14.1862543263664,39.2699081698724,64.4026493985908
2,"HO16","May",15.5,6.25,122.718463030851,15.9043128087983,40.8407044966673,65.9734457253857
2,"HO16","Jun",15.65,6.325,125.681377602268,16.9822717880613,41.7831822927442,66.9159235214626
2,"HO16","Jul",15.8,6.4,128.679635091038,18.0955736846772,42.7256600888212,67.8584013175395
2,"HO16","Aug",15.9,6.45,130.698108370969,18.8574099031727,43.3539786195391,68.4867198482575
2,"HO16","Sep",16.2,6.6,136.847775990371,21.237166338267,45.238934211693,70.3716754404114
2,"HO16","Oct",16.05,6.525,133.755270721994,20.0296166620434,44.2964564156161,69.4291976443344
2,"HO16","Nov",16.3,6.65,138.929081123375,22.0618344098343,45.867252742411,70.9999939711293
2,"HO16","Dec",16.2,6.6,136.847775990371,21.237166338267,45.238934211693,70.3716754404114
2,"HO17","Jan",14.7,5.85,107.513154587477,10.7521008569111,35.8141562509236,60.946897479642
2,"HO17","Feb",14.7,5.85,107.513154587477,10.7521008569111,35.8141562509236,60.946897479642
2,"HO17","Mar",14.8,5.9,109.358840271461,11.3411494794592,36.4424747816416,61.5752160103599
2,"HO17","Apr",15.25,6.125,117.85881189483,14.1862543263664,39.2699081698724,64.4026493985908
2,"HO17","May",15.5,6.25,122.718463030851,15.9043128087983,40.8407044966673,65.9734457253857
2,"HO17","Jun",15.45,6.225,121.738678822013,15.552847130678,40.5265452313083,65.6592864600267
2,"HO17","Jul",15.45,6.225,121.738678822013,15.552847130678,40.5265452313083,65.6592864600267
2,"HO17","Aug",15.5,6.25,122.718463030851,15.9043128087983,40.8407044966673,65.9734457253857
2,"HO17","Sep",15.7,6.35,126.676869774374,17.3494454294496,42.0973415581032,67.2300827868216
2,"HO17","Oct",14.95,5.975,112.156821228564,12.2541748444087,37.3849525777185,62.5176938064369
2,"HO17","Nov",15.7,6.35,126.676869774374,17.3494454294496,42.0973415581032,67.2300827868216
2,"HO17","Dec",15.6,6.3,124.689812420979,16.61902513749,41.4690230273853,66.6017642561036
3,"LA1","Jan",18.25,7.625,182.654160375119,41.2824909635784,58.1194640914112,83.2522053201295
3,"LA1","Feb",18.15,7.575,180.266549958391,40.151517608286,57.4911455606932,82.6238867894115
3,"LA1","Mar",18.25,7.625,182.654160375119,41.2824909635784,58.1194640914112,83.2522053201295
3,"LA1","Apr",18.475,7.7375,188.083716053456,43.8846132536846,59.5331807855266,84.6659220142449
3,"LA1","May",18.825,7.9125,196.687752933475,48.0904204186779,61.7322956430394,86.8650368717578
3,"LA1","Jun",19.1,8.05,203.583057934253,51.5299735005066,63.4601716025138,88.5929128312322
3,"LA1","Jul",19.05,8.025,202.320530386591,50.8957644835631,63.1460123371548,88.2787535658732
3,"LA1","Aug",18.95,7.975,199.807256263719,49.6391274221272,62.5176938064369,87.6504350351552
3,"LA1","Sep",19.1,8.05,203.583057934253,51.5299735005066,63.4601716025138,88.5929128312322
3,"LA1","Oct",17.95,7.475,175.538453014738,37.9366947875053,56.2345084992573,81.3672497279757
3,"LA1","Nov",19.3,8.15,208.672438033068,54.1060794764502,64.7168086639497,89.8495498926681
3,"LA1","Dec",19.25,8.125,207.394202522139,53.4561624962388,64.4026493985908,89.5353906273091
3,"LA2","Jan",19.8,8.4,221.670777637296,60.8212337734984,67.8584013175395,92.9911425462579
3,"LA2","Feb",19.8,8.4,221.670777637296,60.8212337734984,67.8584013175395,92.9911425462579
3,"LA2","Mar",19.75,8.375,220.353272218197,60.1320468851171,67.5442420521806,92.6769832808989
3,"LA2","Apr",20.15,8.575,231.003271313866,65.7554977350428,70.0575161750524,95.1902574037707
3,"LA2","May",20.45,8.725,239.155704249932,70.1380194868007,71.9424717672063,97.0752129959246
3,"LA2","Jun",20.7,8.85,246.057390610787,73.898113194066,73.5132680940012,98.6460093227195
3,"LA2","Jul",20.85,8.925,250.245526317103,76.2012933082289,74.4557458900781,99.5884871187965
3,"LA2","Aug",20.9,8.95,251.649425534176,76.9768739945839,74.7699051554371,99.9026463841554
3,"LA2","Sep",21,9,254.469004940773,78.5398163397448,75.398223686155,100.530964914873
3,"LA2","Oct",19.85,8.425,222.992210047212,61.5143476526967,68.1725605828985,93.3053018116169
3,"LA2","Nov",21.6,9.3,271.716348608981,88.2473376393373,79.1681348704628,104.300876099181
3,"LA2","Dec",21.4,9.2,265.90440219984,84.948665353068,77.9114978090269,103.044239037745
3,"LA3","Jan",22.4,9.7,295.592452776264,102.070345315132,84.1946831162064,109.327424344925
3,"LA3","Feb",22.2,9.6,289.529178954835,98.5203456165759,82.9380460547706,108.070787283489
3,"LA3","Mar",22.4,9.7,295.592452776264,102.070345315132,84.1946831162064,109.327424344925
3,"LA3","Apr",22.7,9.85,304.805173232916,107.513154587477,86.0796387083603,111.212379937079
3,"LA3","May",23.2,10.1,320.473866592695,116.898662640076,89.2212313619501,114.353972590668
3,"LA3","Jun",23.6,10.3,333.291564619341,124.689812420979,91.734505484822,116.86724671354
3,"LA3","Jul",24.05,10.525,348.011889696818,133.755270721994,94.5619388730528,119.694680101771
3,"LA3","Aug",24.4,10.7,359.680942909495,141.026094219646,96.7610537305656,121.893794959284
3,"LA3","Sep",24.6,10.8,366.435367114714,145.267244301992,98.0176907920016,123.15043202072
3,"LA3","Oct",18.65,7.825,192.361681674711,45.9634640174271,60.632738214283,85.7654794430013
3,"LA3","Nov",25.1,11.05,383.596316984948,156.145008865047,101.159283445591,126.29202467431
3,"LA3","Dec",25.1,11.05,383.596316984948,156.145008865047,101.159283445591,126.29202467431
3,"LA4","Jan",20.2,8.6,232.352192659501,66.47610054996,70.3716754404114,95.5044166691297
3,"LA4","Feb",19.9,8.45,224.317569447945,62.2113885227119,68.4867198482575,93.6194610769758
3,"LA4","Mar",20.2,8.6,232.352192659501,66.47610054996,70.3716754404114,95.5044166691297
3,"LA4","Apr",20.8,8.9,248.845554090848,75.4296396126909,74.1415866247191,99.2743278534375
3,"LA4","May",21.1,9.05,257.304292310638,80.1184666481737,76.026542216873,101.159283445591
3,"LA4","Jun",21.35,9.175,264.461233074597,84.1338147585432,77.5973385436679,102.730079772386
3,"LA4","Jul",21.55,9.275,270.25747152047,87.4167790815445,78.8539756051038,103.986716833822
3,"LA4","Aug",21.5,9.25,268.802521422777,86.5901475145687,78.5398163397448,103.672557568463
3,"LA4","Sep",21.8,9.4,277.591126871194,91.6088417786784,80.4247719318987,105.557513160617
3,"LA4","Oct",19.05,8.025,202.320530386591,50.8957644835631,63.1460123371549,88.2787535658732
3,"LA4","Nov",22.1,9.55,286.521103989023,96.7689077121996,82.3097275240526,107.442468752771
3,"LA4","Dec",22.1,9.55,286.521103989023,96.7689077121996,82.3097275240526,107.442468752771
3,"LA5","Jan",16.2,6.6,136.847775990371,21.237166338267,45.238934211693,70.3716754404114
3,"LA5","Feb",16,6.5,132.732289614169,19.6349540849362,43.9822971502571,69.1150383789755
3,"LA5","Mar",15.9,6.45,130.698108370969,18.8574099031727,43.3539786195391,68.4867198482575
3,"LA5","Apr",16.25,6.625,137.886465061465,21.6475368786422,45.553093477052,70.6858347057703
3,"LA5","May",16.65,6.825,146.337349299621,25.071872871055,48.0663675999238,73.1991088286422
3,"LA5","Jun",16.9,6.95,151.746779150021,27.3397100678652,49.6371639267187,74.7699051554371
3,"LA5","Jul",17,7,153.9380400259,28.2743338823081,50.2654824574367,75.398223686155
3,"LA5","Aug",17.1,7.05,156.145008865047,29.2246656600191,50.8938009881547,76.026542216873
3,"LA5","Sep",17.3,7.15,160.606070433144,31.1724531052447,52.1504380495906,77.2831792783089
3,"LA5","Oct",16.7,6.85,147.411381288067,25.5175863287831,48.3805268652828,73.5132680940011
3,"LA5","Nov",17.7,7.35,169.716689128555,35.2565235549114,54.6637121724624,79.7964534011807
3,"LA5","Dec",17.5,7.25,165.129963854314,33.1830724035422,53.4070751110265,78.5398163397448
3,"LA6","Jan",19.9,8.45,224.317569447945,62.2113885227119,68.4867198482575,93.6194610769758
3,"LA6","Feb",19.4,8.2,211.240690027378,55.4176944093239,65.3451271946677,90.4778684233861
3,"LA6","Mar",19.2,8.1,206.119894002026,52.8101725068444,64.0884901332318,89.2212313619501
3,"LA6","Apr",19.75,8.375,220.353272218197,60.1320468851171,67.5442420521806,92.6769832808989
3,"LA6","May",20.5,8.75,240.528187540469,70.8821842466197,72.2566310325652,97.3893722612836
3,"LA6","Jun",20.7,8.85,246.057390610787,73.8981131940659,73.5132680940011,98.6460093227195
3,"LA6","Jul",20.95,8.975,253.057251742066,77.7563816717559,75.0840644207961,100.216805649514
3,"LA6","Aug",21.2,9.1,260.155287643771,81.7128249198705,76.654860747591,101.787601976309
3,"LA6","Sep",21,9,254.469004940773,78.5398163397448,75.398223686155,100.530964914873
3,"LA6","Oct",20.35,8.675,236.422518641308,68.6614709396134,71.3141532364883,96.4468944652067
3,"LA6","Nov",21.1,9.05,257.304292310638,80.1184666481737,76.026542216873,101.159283445591
3,"LA6","Dec",20.9,8.95,251.649425534176,76.9768739945839,74.7699051554371,99.9026463841554
3,"LA7","Jan",20.9,8.95,251.649425534176,76.9768739945839,74.7699051554371,99.9026463841554
3,"LA7","Feb",20.6,8.8,243.284935093994,72.3822947387089,72.8849495632832,98.0176907920016
3,"LA7","Mar",20.75,8.875,247.449508855409,74.6619129079699,73.8274273593602,98.9601685880785
3,"LA7","Apr",21.25,9.125,261.586675796563,82.5158945419444,76.9690200129499,102.101761241668
3,"LA7","May",21.8,9.4,277.591126871194,91.6088417786784,80.4247719318987,105.557513160617
3,"LA7","Jun",22.35,9.675,294.070743834681,101.176954904268,83.8805238508475,109.013265079566
3,"LA7","Jul",22.75,9.875,306.354371110217,108.43403393406,86.3937979737193,111.526539202438
3,"LA7","Aug",22.9,9.95,311.025526687023,111.220233918713,87.3362757697962,112.469016998515
3,"LA7","Sep",23.1,10.05,317.308711994203,114.99014510302,88.5929128312322,113.725654059951
3,"LA7","Oct",21.3,9.15,263.021990940171,83.3228911548353,77.2831792783089,102.415920507027
3,"LA7","Nov",23.8,10.4,339.794661412272,128.679635091038,92.9911425462579,118.123883774976
3,"LA7","Dec",23.6,10.3,333.291564619341,124.689812420979,91.734505484822,116.86724671354
3,"LA8","Jan",19.2,8.1,206.119894002026,52.8101725068444,64.0884901332318,89.2212313619501
3,"LA8","Feb",19.5,8.25,213.824649984955,56.7450173054656,65.9734457253857,91.106186954104
3,"LA8","Mar",19.15,8.075,204.849512472731,52.168109508267,63.7743308678728,88.9070720965911
3,"LA8","Apr",19.4,8.2,211.240690027378,55.4176944093239,65.3451271946677,90.4778684233861
3,"LA8","May",19.75,8.375,220.353272218197,60.1320468851171,67.5442420521806,92.6769832808989
3,"LA8","Jun",20,8.5,226.980069221863,63.6172512351933,69.1150383789755,94.2477796076938
3,"LA8","Jul",20.45,8.725,239.155704249932,70.1380194868007,71.9424717672063,97.0752129959246
3,"LA8","Aug",20.8,8.9,248.845554090848,75.4296396126909,74.1415866247191,99.2743278534375
3,"LA8","Sep",20.6,8.8,243.284935093994,72.3822947387089,72.8849495632832,98.0176907920016
3,"LA8","Oct",21.25,9.125,261.586675796563,82.5158945419444,76.9690200129499,102.101761241668
3,"LA8","Nov",20.9,8.95,251.649425534176,76.9768739945839,74.7699051554371,99.9026463841554
3,"LA8","Dec",20.8,8.9,248.845554090848,75.4296396126909,74.1415866247191,99.2743278534375
3,"LA9","Jan",19.4,8.2,211.240690027378,55.4176944093239,65.3451271946677,90.4778684233861
3,"LA9","Feb",19.1,8.05,203.583057934253,51.5299735005066,63.4601716025138,88.5929128312322
3,"LA9","Mar",19.35,8.175,209.954600534814,54.7599234474786,65.0309679293087,90.1637091580271
3,"LA9","Apr",19.8,8.4,221.670777637296,60.8212337734984,67.8584013175395,92.9911425462579
3,"LA9","May",20,8.5,226.980069221863,63.6172512351933,69.1150383789755,94.2477796076938
3,"LA9","Jun",20.2,8.6,232.352192659501,66.4761005499601,70.3716754404114,95.5044166691297
3,"LA9","Jul",20.45,8.725,239.155704249932,70.1380194868007,71.9424717672063,97.0752129959246
3,"LA9","Aug",20.6,8.8,243.284935093994,72.3822947387089,72.8849495632832,98.0176907920016
3,"LA9","Sep",20.8,8.9,248.845554090848,75.4296396126909,74.1415866247191,99.2743278534375
3,"LA9","Oct",23.35,10.175,325.25105092156,119.790891376787,90.1637091580271,115.296450386745
3,"LA9","Nov",21.4,9.2,265.90440219984,84.948665353068,77.9114978090269,103.044239037745
3,"LA9","Dec",21.5,9.25,268.802521422777,86.5901475145687,78.5398163397448,103.672557568463
3,"LB10","Jan",24.15,10.575,351.326269946355,135.813013910095,95.1902574037707,120.322998632489
3,"LB10","Feb",23.95,10.475,344.713217410549,131.713235497161,93.9336203423348,119.066361571053
3,"LB10","Mar",24.25,10.625,354.65635815916,137.886465061465,95.8185759344887,120.951317163207
3,"LB10","Apr",24.65,10.825,368.13379064306,146.337349299621,98.3318500573605,123.464591286079
3,"LB10","May",25,11,380.132711084365,153.9380400259,100.530964914873,125.663706143592
3,"LB10","Jun",25.3,11.15,390.570652675917,160.606070433144,102.415920507027,127.548661735746
3,"LB10","Jul",25.85,11.425,410.074052568484,173.197966487814,105.871672425976,131.004413654694
3,"LB10","Aug",26.25,11.625,424.556794701533,182.654160375119,108.384946548848,133.517687777566
3,"LB10","Sep",26.55,11.775,435.583784915633,189.911239404911,110.269902141002,135.40264336972
3,"LB10","Oct",24.475,10.7375,362.20648887867,142.609162392744,97.2322926286041,122.365033857322
3,"LB10","Nov",27,12,452.38934211693,201.061929829747,113.097335529233,138.230076757951
3,"LB10","Dec",27.1,12.05,456.167107282872,203.583057934253,113.725654059951,138.858395288669
3,"LB11","Jan",18.4,7.7,186.265028431339,43.0084034276442,59.0619418874881,84.1946831162064
3,"LB11","Feb",18.1,7.55,179.078635236252,39.5919214168654,57.1769862953343,82.3097275240526
3,"LB11","Mar",18.2,7.6,181.458391671347,40.7150407905238,57.8053048260522,82.9380460547705
3,"LB11","Apr",18.65,7.825,192.361681674711,45.9634640174271,60.632738214283,85.7654794430013
3,"LB11","May",18.65,7.825,192.361681674711,45.9634640174271,60.632738214283,85.7654794430013
3,"LB11","Jun",18.5,7.75,188.691908756237,44.1786466911065,59.6902604182061,84.8230016469244
3,"LB11","Jul",18.6,7.8,191.134497044403,45.3645979178366,60.318578948924,85.4513201776424
3,"LB11","Aug",18.7,7.85,193.592793295837,46.5662571078347,60.946897479642,86.0796387083603
3,"LB11","Sep",18.8,7.9,196.066797510539,47.7836242611008,61.5752160103599,86.7079572390783
3,"LB11","Oct",18.25,7.625,182.654160375119,41.2824909635784,58.1194640914112,83.2522053201295
3,"LB11","Nov",19.1,8.05,203.583057934253,51.5299735005066,63.4601716025138,88.5929128312322
3,"LB11","Dec",19.1,8.05,203.583057934253,51.5299735005066,63.4601716025138,88.5929128312322
3,"LB12","Jan",20.5,8.75,240.528187540469,70.8821842466197,72.2566310325652,97.3893722612836
3,"LB12","Feb",20.4,8.7,237.787147950211,69.3977817177985,71.6283125018473,96.7610537305656
3,"LB12","Mar",20.45,8.725,239.155704249931,70.1380194868006,71.9424717672062,97.0752129959246
3,"LB12","Apr",20.8,8.9,248.845554090848,75.4296396126909,74.1415866247191,99.2743278534375
3,"LB12","May",21.2,9.1,260.155287643771,81.7128249198705,76.654860747591,101.787601976309
3,"LB12","Jun",21.6,9.3,271.716348608981,88.2473376393373,79.1681348704628,104.300876099181
3,"LB12","Jul",22.05,9.525,285.022956992342,95.899079246237,81.9955682586936,107.128309487412
3,"LB12","Aug",22.3,9.65,292.552961883916,100.28749148422,83.5663645854885,108.699105814207
3,"LB12","Sep",22.3,9.65,292.552961883916,100.28749148422,83.5663645854885,108.699105814207
3,"LB12","Oct",21.8,9.4,277.591126871194,91.6088417786783,80.4247719318987,105.557513160617
3,"LB12","Nov",22.9,9.95,311.025526687023,111.220233918713,87.3362757697962,112.469016998515
3,"LB12","Dec",22.8,9.9,307.907495978336,109.358840271461,86.7079572390783,111.840698467797
3,"LB13","Jan",13.3,5.15,83.3228911548353,4.1547562843725,27.0176968208722,52.1504380495906
3,"LB13","Feb",13.2,5.1,81.7128249198705,3.80132711084365,26.3893782901543,51.5221195188726
3,"LB13","Mar",13.25,5.125,82.5158945419444,3.97607820219958,26.7035375555132,51.8362787842316
3,"LB13","Apr",13.7,5.35,89.9202357273738,5.7255526111674,29.5309709437441,54.6637121724624
3,"LB13","May",14,5.5,95.0331777710912,7.06858347057703,31.4159265358979,56.5486677646163
3,"LB13","Jun",14.2,5.6,98.5203456165759,8.04247719318987,32.6725635973338,57.8053048260522
3,"LB13","Jul",14.5,5.75,103.868907109313,9.62112750161874,34.5575191894877,59.6902604182061
3,"LB13","Aug",14.7,5.85,107.513154587477,10.7521008569111,35.8141562509236,60.946897479642
3,"LB13","Sep",14.9,5.95,111.220233918713,11.9459060652752,37.0707933123596,62.2035345410779
3,"LB13","Oct",19.4,8.2,211.240690027378,55.4176944093239,65.3451271946677,90.4778684233861
3,"LB13","Nov",15.1,6.05,114.99014510302,13.2025431267111,38.3274303737955,63.4601716025138
3,"LB13","Dec",15.1,6.05,114.99014510302,13.2025431267111,38.3274303737955,63.4601716025138
3,"LB14","Jan",23.1,10.05,317.308711994203,114.99014510302,88.5929128312322,113.725654059951
3,"LB14","Feb",22.9,9.95,311.025526687023,111.220233918713,87.3362757697962,112.469016998515
3,"LB14","Mar",23.05,10.025,315.732025181183,114.041776820718,88.2787535658732,113.411494794592
3,"LB14","Apr",23.35,10.175,325.25105092156,119.790891376787,90.1637091580271,115.296450386745
3,"LB14","May",23.75,10.375,338.162996727814,127.676288937298,92.6769832808989,117.809724509617
3,"LB14","Jun",24.05,10.525,348.011889696818,133.755270721994,94.5619388730528,119.694680101771
3,"LB14","Jul",24.45,10.725,361.363658474575,142.080491254007,97.0752129959246,122.207954224643
3,"LB14","Aug",24.8,10.9,373.252623173003,149.57122623741,99.2743278534375,124.407069082156
3,"LB14","Sep",24.9,10.95,376.68481314705,151.746779150021,99.9026463841554,125.035387612874
3,"LB14","Oct",23.25,10.125,322.062334378166,117.85881189483,89.5353906273091,114.668131856027
3,"LB14","Nov",25.2,11.1,387.075630848798,158.367685667461,101.787601976309,126.920343205028
3,"LB14","Dec",25.1,11.05,383.596316984948,156.145008865047,101.159283445591,126.29202467431
3,"LB15","Jan",19,8,201.061929829747,50.2654824574367,62.8318530717959,87.9645943005142
3,"LB15","Feb",19.1,8.05,203.583057934253,51.5299735005066,63.4601716025138,88.5929128312322
3,"LB15","Mar",18.95,7.975,199.807256263719,49.6391274221272,62.5176938064369,87.6504350351552
3,"LB15","Apr",19.3,8.15,208.672438033068,54.1060794764502,64.7168086639497,89.8495498926681
3,"LB15","May",19.6,8.3,216.424317905801,58.0880481648753,66.6017642561036,91.734505484822
3,"LB15","Jun",19.9,8.45,224.317569447945,62.2113885227119,68.4867198482575,93.6194610769758
3,"LB15","Jul",20.15,8.575,231.003271313866,65.7554977350428,70.0575161750524,95.1902574037707
3,"LB15","Aug",20.3,8.65,235.061816323222,67.9290871522453,70.9999939711293,96.1327351998477
3,"LB15","Sep",20.5,8.75,240.528187540469,70.8821842466197,72.2566310325652,97.3893722612836
3,"LB15","Oct",21.05,9.025,255.884685130297,79.3271779985508,75.712382951514,100.845124180232
3,"LB15","Nov",20.7,8.85,246.057390610787,73.8981131940659,73.5132680940011,98.6460093227195
3,"LB15","Dec",20.6,8.8,243.284935093994,72.3822947387089,72.8849495632832,98.0176907920016
3,"LB16","Jan",25.8,11.4,408.28138126053,172.033613710577,105.557513160617,130.690254389335
3,"LB16","Feb",25.4,11.2,394.081382466304,162.860163162095,103.044239037745,128.176980266464
3,"LB16","Mar",25.9,11.45,411.870650867256,174.366246255867,106.185831691335,131.318572920053
3,"LB16","Apr",26.7,11.85,441.150294398713,193.592793295837,111.212379937079,136.345121165797
3,"LB16","May",27.1,12.05,456.167107282872,203.583057934253,113.725654059951,138.858395288669
3,"LB16","Jun",27.05,12.025,454.276261204493,202.320530386591,113.411494794592,138.54423602331
3,"LB16","Jul",27.35,12.175,465.680242537024,209.954600534814,115.296450386745,140.429191615464
3,"LB16","Aug",27.8,12.4,483.051286415967,221.670777637296,118.123883774976,143.256625003695
3,"LB16","Sep",28.3,12.65,502.725510409073,235.061816323222,121.265476428566,146.398217657284
3,"LB16","Oct",28,12.5,490.873852123405,226.980069221863,119.380520836412,144.513262065131
3,"LB16","Nov",28.4,12.7,506.707479097498,237.787147950211,121.893794959284,147.026536188002
3,"LB16","Dec",28.3,12.65,502.725510409073,235.061816323222,121.265476428566,146.398217657284
3,"LB17","Jan",25.2,11.1,387.075630848798,158.367685667461,101.787601976309,126.920343205028
3,"LB17","Feb",25,11,380.132711084365,153.9380400259,100.530964914873,125.663706143592
3,"LB17","Mar",25.25,11.125,388.821178266949,159.484914554894,102.101761241668,127.234502470387
3,"LB17","Apr",25.85,11.425,410.074052568484,173.197966487814,105.871672425976,131.004413654694
3,"LB17","May",26.15,11.575,420.912547223369,180.266549958391,107.75662801813,132.889369246848
3,"LB17","Jun",26.55,11.775,435.583784915633,189.911239404911,110.269902141002,135.40264336972
3,"LB17","Jul",27.1,12.05,456.167107282872,203.583057934253,113.725654059951,138.858395288669
3,"LB17","Aug",27.5,12.25,471.435247579318,213.824649984955,116.238928182822,141.371669411541
3,"LB17","Sep",27.6,12.3,475.2915525616,216.424317905801,116.86724671354,141.999987942259
3,"LB17","Oct",27.05,12.025,454.276261204493,202.320530386591,113.411494794592,138.54423602331
3,"LB17","Nov",28.1,12.55,494.808696922026,229.658276959048,120.00883936713,145.141580595848
3,"LB17","Dec",28,12.5,490.873852123405,226.980069221863,119.380520836412,144.513262065131
4,"HB9","Jan",16.5,6.75,143.138815279185,23.7582944427728,47.1238898038469,72.2566310325652
4,"HB9","Feb",16.45,6.725,142.080491254007,23.3282889483127,46.8097305384879,71.9424717672062
4,"HB9","Mar",16.425,6.7125,141.552801862974,23.114758822639,46.6526509058084,71.7853921345267
4,"HB9","Apr",16.775,6.8875,149.029792378518,26.193519623157,48.8517657633213,73.9845069920396
4,"HB9","May",17.05,7.025,155.039560950065,28.7475362757551,50.5796417227957,75.712382951514
4,"HB9","Jun",17.2,7.1,158.367685667462,30.1907054009979,51.5221195188726,76.654860747591
4,"HB9","Jul",17.35,7.175,161.731153302211,31.6692174435936,52.4645973149496,77.5973385436679
4,"HB9","Aug",17.4,7.2,162.860163162095,32.1699087727595,52.7787565803085,77.9114978090269
4,"HB9","Sep",17.85,7.425,173.197966487814,36.8528453220168,55.6061899685393,80.7389311972577
4,"HB9","Oct",18.55,7.775,189.911239404911,44.7696588090631,60.004419683565,85.1371609122834
4,"HB9","Nov",17.85,7.425,173.197966487814,36.8528453220168,55.6061899685393,80.7389311972577
4,"HB9","Dec",17.85,7.425,173.197966487814,36.8528453220168,55.6061899685393,80.7389311972577
4,"HB10","Jan",15.5,6.25,122.718463030851,15.9043128087983,40.8407044966673,65.9734457253857
4,"HB10","Feb",15.4,6.2,120.762821603992,15.2053084433746,40.2123859659494,65.3451271946677
4,"HB10","Mar",15.45,6.225,121.738678822013,15.552847130678,40.5265452313083,65.6592864600267
4,"HB10","Apr",15.75,6.375,127.676288937298,17.7205460616549,42.4115008234622,67.5442420521806
4,"HB10","May",15.9,6.45,130.698108370969,18.8574099031727,43.3539786195391,68.4867198482575
4,"HB10","Jun",16.05,6.525,133.755270721994,20.0296166620434,44.2964564156161,69.4291976443344
4,"HB10","Jul",16.15,6.575,135.813013910095,20.8307227887088,44.924774946334,70.0575161750524
4,"HB10","Aug",16.2,6.6,136.847775990371,21.237166338267,45.238934211693,70.3716754404114
4,"HB10","Sep",16.5,6.75,143.138815279185,23.7582944427728,47.1238898038469,72.2566310325652
4,"HB10","Oct",19.7,8.35,219.039693789914,59.4467869875528,67.2300827868216,92.3628240155399
4,"HB10","Nov",16.6,6.8,145.267244301992,24.630086404144,47.7522083345649,72.8849495632832
4,"HB10","Dec",16.5,6.75,143.138815279185,23.7582944427728,47.1238898038469,72.2566310325652
4,"HB11","Jan",18.7,7.85,193.592793295837,46.5662571078347,60.946897479642,86.0796387083603
4,"HB11","Feb",18.3,7.65,183.853856069709,41.85386812745,58.4336233567702,83.5663645854885
4,"HB11","Mar",18.5,7.75,188.691908756237,44.1786466911065,59.6902604182061,84.8230016469244
4,"HB11","Apr",18.95,7.975,199.807256263719,49.6391274221273,62.5176938064369,87.6504350351553
4,"HB11","May",19.3,8.15,208.672438033068,54.1060794764502,64.7168086639497,89.8495498926681
4,"HB11","Jun",19.55,8.275,215.12252044997,57.414569239762,66.2876049907447,91.420346219463
4,"HB11","Jul",19.65,8.325,217.730042352449,58.7654540808056,66.9159235214626,92.048664750181
4,"HB11","Aug",19.7,8.35,219.039693789914,59.4467869875528,67.2300827868216,92.3628240155399
4,"HB11","Sep",19.9,8.45,224.317569447945,62.2113885227119,68.4867198482575,93.6194610769758
4,"HB11","Oct",17.7,7.35,169.716689128555,35.2565235549114,54.6637121724624,79.7964534011807
4,"HB11","Nov",20.1,8.55,229.658276959048,65.0388219109427,69.7433569096934,94.8760981384117
4,"HB11","Dec",20.1,8.55,229.658276959048,65.0388219109427,69.7433569096934,94.8760981384117
4,"HB12","Jan",17.7,7.35,169.716689128555,35.2565235549114,54.6637121724624,79.7964534011807
4,"HB12","Feb",17.5,7.25,165.129963854314,33.1830724035422,53.4070751110265,78.5398163397448
4,"HB12","Mar",17.55,7.275,166.270754686648,33.695544705159,53.7212343763855,78.8539756051038
4,"HB12","Apr",17.8,7.4,172.033613710577,36.316811075498,55.2920307031804,80.4247719318987
4,"HB12","May",17.95,7.475,175.538453014738,37.9366947875052,56.2345084992573,81.3672497279756
4,"HB12","Jun",18.1,7.55,179.078635236252,39.5919214168654,57.1769862953343,82.3097275240526
4,"HB12","Jul",18.1,7.55,179.078635236252,39.5919214168654,57.1769862953343,82.3097275240526
4,"HB12","Aug",18,7.5,176.714586764426,38.484510006475,56.5486677646163,81.6814089933346
4,"HB12","Sep",18.4,7.7,186.265028431339,43.0084034276442,59.0619418874881,84.1946831162064
4,"HB12","Oct",21.95,9.475,282.038443971432,94.1712032867625,81.3672497279756,106.499990956694
4,"HB12","Nov",18.4,7.7,186.265028431339,43.0084034276442,59.0619418874881,84.1946831162064
4,"HB12","Dec",18.4,7.7,186.265028431339,43.0084034276442,59.0619418874881,84.1946831162064
4,"HB13","Jan",15.2,6.1,116.898662640076,13.854423602331,38.9557489045134,64.0884901332318
4,"HB13","Feb",15.1,6.05,114.99014510302,13.2025431267111,38.3274303737955,63.4601716025138
4,"HB13","Mar",15.05,6.025,114.041776820718,12.8824933751267,38.0132711084365,63.1460123371549
4,"HB13","Apr",15.4,6.2,120.762821603992,15.2053084433746,40.2123859659493,65.3451271946677
4,"HB13","May",15.65,6.325,125.681377602268,16.9822717880613,41.7831822927442,66.9159235214626
4,"HB13","Jun",15.9,6.45,130.698108370969,18.8574099031727,43.3539786195391,68.4867198482575
4,"HB13","Jul",16,6.5,132.732289614169,19.6349540849362,43.9822971502571,69.1150383789755
4,"HB13","Aug",15.9,6.45,130.698108370969,18.8574099031727,43.3539786195391,68.4867198482575
4,"HB13","Sep",16.1,6.55,134.782178820636,20.4282062299676,44.6106156809751,69.7433569096934
4,"HB13","Oct",18.55,7.775,189.911239404911,44.769658809063,60.004419683565,85.1371609122834
4,"HB13","Nov",16.4,6.7,141.026094219646,22.9022104446696,46.4955712731289,71.6283125018473
4,"HB13","Dec",16.1,6.55,134.782178820636,20.4282062299676,44.6106156809751,69.7433569096934
4,"HB14","Jan",16.2,6.6,136.847775990371,21.237166338267,45.238934211693,70.3716754404114
4,"HB14","Feb",15.8,6.4,128.679635091038,18.0955736846772,42.7256600888212,67.8584013175395
4,"HB14","Mar",15.8,6.4,128.679635091038,18.0955736846772,42.7256600888212,67.8584013175395
4,"HB14","Apr",16.1,6.55,134.782178820636,20.4282062299676,44.6106156809751,69.7433569096934
4,"HB14","May",16.15,6.575,135.813013910095,20.8307227887088,44.924774946334,70.0575161750524
4,"HB14","Jun",16.3,6.65,138.929081123375,22.0618344098343,45.867252742411,70.9999939711293
4,"HB14","Jul",16.45,6.725,142.080491254007,23.3282889483127,46.8097305384879,71.9424717672062
4,"HB14","Aug",16.4,6.7,141.026094219646,22.9022104446696,46.4955712731289,71.6283125018473
4,"HB14","Sep",16.5,6.75,143.138815279185,23.7582944427728,47.1238898038469,72.2566310325652
4,"HB14","Oct",22.4,9.7,295.592452776264,102.070345315132,84.1946831162064,109.327424344925
4,"HB14","Nov",16.5,6.75,143.138815279185,23.7582944427728,47.1238898038469,72.2566310325652
4,"HB14","Dec",16.5,6.75,143.138815279185,23.7582944427728,47.1238898038469,72.2566310325652
4,"HB15","Jan",17.2,7.1,158.367685667461,30.1907054009979,51.5221195188726,76.654860747591
4,"HB15","Feb",17.2,7.1,158.367685667461,30.1907054009979,51.5221195188726,76.654860747591
4,"HB15","Mar",17.2,7.1,158.367685667461,30.1907054009979,51.5221195188726,76.654860747591
4,"HB15","Apr",17.55,7.275,166.270754686648,33.695544705159,53.7212343763854,78.8539756051038
4,"HB15","May",17.7,7.35,169.716689128555,35.2565235549114,54.6637121724624,79.7964534011807
4,"HB15","Jun",17.9,7.45,174.366246255867,37.3928065593525,55.9203492338983,81.0530904626166
4,"HB15","Jul",17.95,7.475,175.538453014738,37.9366947875053,56.2345084992573,81.3672497279757
4,"HB15","Aug",17.8,7.4,172.033613710577,36.316811075498,55.2920307031804,80.4247719318987
4,"HB15","Sep",18.2,7.6,181.458391671346,40.7150407905237,57.8053048260522,82.9380460547706
4,"HB15","Oct",23.15,10.075,318.88932579804,115.94244037614,88.9070720965911,114.039813325309
4,"HB15","Nov",18.2,7.6,181.458391671346,40.7150407905237,57.8053048260522,82.9380460547706
4,"HB15","Dec",18.2,7.6,181.458391671346,40.7150407905237,57.8053048260522,82.9380460547706
4,"HB16","Jan",16.9,6.95,151.746779150021,27.3397100678652,49.6371639267187,74.7699051554371
4,"HB16","Feb",16.9,6.95,151.746779150021,27.3397100678652,49.6371639267187,74.7699051554371
4,"HB16","Mar",16.9,6.95,151.746779150021,27.3397100678652,49.6371639267187,74.7699051554371
4,"HB16","Apr",17.25,7.125,159.484914554894,30.6796157577128,51.8362787842316,76.9690200129499
4,"HB16","May",17.5,7.25,165.129963854314,33.1830724035422,53.4070751110265,78.5398163397448
4,"HB16","Jun",17.7,7.35,169.716689128555,35.2565235549115,54.6637121724624,79.7964534011808
4,"HB16","Jul",17.9,7.45,174.366246255867,37.3928065593525,55.9203492338983,81.0530904626166
4,"HB16","Aug",18,7.5,176.714586764426,38.484510006475,56.5486677646163,81.6814089933346
4,"HB16","Sep",18.1,7.55,179.078635236252,39.5919214168654,57.1769862953343,82.3097275240526
4,"HB16","Oct",18.25,7.625,182.654160375119,41.2824909635784,58.1194640914112,83.2522053201295
4,"HB16","Nov",18.3,7.65,183.853856069709,41.85386812745,58.4336233567702,83.5663645854885
4,"HB16","Dec",18.2,7.6,181.458391671346,40.7150407905237,57.8053048260522,82.9380460547706
4,"HB17","Jan",16.2,6.6,136.847775990371,21.237166338267,45.238934211693,70.3716754404114
4,"HB17","Feb",16.05,6.525,133.755270721994,20.0296166620434,44.2964564156161,69.4291976443344
4,"HB17","Mar",16.25,6.625,137.886465061465,21.6475368786422,45.553093477052,70.6858347057703
4,"HB17","Apr",16.5,6.75,143.138815279185,23.7582944427728,47.1238898038469,72.2566310325652
4,"HB17","May",16.725,6.8625,147.949869903846,25.7419156792035,48.5376064979623,73.6703477266806
4,"HB17","Jun",16.95,6.975,152.840446092552,27.8050584796782,49.9513231920777,75.0840644207961
4,"HB17","Jul",17.1,7.05,156.145008865047,29.2246656600191,50.8938009881547,76.026542216873
4,"HB17","Aug",17.15,7.075,157.254383770846,29.7057220351,51.2079602535136,76.340701482232
4,"HB17","Sep",17.3,7.15,160.606070433144,31.1724531052447,52.1504380495906,77.2831792783089
4,"HB17","Oct",17.5,7.25,165.129963854314,33.1830724035422,53.4070751110265,78.5398163397448
4,"HB17","Nov",17.45,7.225,163.993100012796,32.6745270927423,53.0929158456675,78.2256570743859
4,"HB17","Dec",17.4,7.2,162.860163162095,32.1699087727595,52.7787565803085,77.9114978090269
4,"HA1","Jan",16.6,6.8,145.267244301992,24.630086404144,47.7522083345649,72.8849495632832
4,"HA1","Feb",16.3,6.65,138.929081123375,22.0618344098343,45.867252742411,70.9999939711293
4,"HA1","Mar",16.6,6.8,145.267244301992,24.630086404144,47.7522083345649,72.8849495632832
4,"HA1","Apr",16.8,6.9,149.57122623741,26.4207942166902,49.0088453960008,74.1415866247191
4,"HA1","May",16.95,6.975,152.840446092552,27.8050584796782,49.9513231920777,75.0840644207961
4,"HA1","Jun",17.1,7.05,156.145008865047,29.2246656600191,50.8938009881547,76.026542216873
4,"HA1","Jul",17.05,7.025,155.039560950065,28.7475362757551,50.5796417227957,75.712382951514
4,"HA1","Aug",17,7,153.9380400259,28.2743338823081,50.2654824574367,75.398223686155
4,"HA1","Sep",17.1,7.05,156.145008865047,29.2246656600191,50.8938009881547,76.026542216873
4,"HA1","Oct",16.95,6.975,152.840446092552,27.8050584796782,49.9513231920777,75.0840644207961
4,"HA1","Nov",17.1,7.05,156.145008865047,29.2246656600191,50.8938009881547,76.026542216873
4,"HA1","Dec",17,7,153.9380400259,28.2743338823081,50.2654824574367,75.398223686155
4,"HA2","Jan",19.8,8.4,221.670777637296,60.8212337734984,67.8584013175395,92.9911425462579
4,"HA2","Feb",19.5,8.25,213.824649984955,56.7450173054656,65.9734457253857,91.106186954104
4,"HA2","Mar",19.55,8.275,215.12252044997,57.414569239762,66.2876049907447,91.420346219463
4,"HA2","Apr",20.1,8.55,229.658276959048,65.0388219109427,69.7433569096934,94.8760981384117
4,"HA2","May",20.4,8.7,237.787147950211,69.3977817177985,71.6283125018473,96.7610537305656
4,"HA2","Jun",20.45,8.725,239.155704249931,70.1380194868006,71.9424717672062,97.0752129959246
4,"HA2","Jul",20.65,8.825,244.669199356982,73.1382404709789,73.1991088286422,98.3318500573605
4,"HA2","Aug",20.8,8.9,248.845554090848,75.4296396126909,74.1415866247191,99.2743278534375
4,"HA2","Sep",21,9,254.469004940773,78.5398163397448,75.398223686155,100.530964914873
4,"HA2","Oct",20.65,8.825,244.669199356982,73.1382404709789,73.1991088286422,98.3318500573605
4,"HA2","Nov",21.2,9.1,260.155287643771,81.7128249198705,76.654860747591,101.787601976309
4,"HA2","Dec",21.1,9.05,257.304292310638,80.1184666481737,76.026542216873,101.159283445591
4,"HA3","Jan",17.2,7.1,158.367685667461,30.1907054009979,51.5221195188726,76.654860747591
4,"HA3","Feb",17.1,7.05,156.145008865047,29.2246656600191,50.8938009881547,76.026542216873
4,"HA3","Mar",17.2,7.1,158.367685667461,30.1907054009979,51.5221195188726,76.654860747591
4,"HA3","Apr",17.4,7.2,162.860163162095,32.1699087727595,52.7787565803085,77.9114978090269
4,"HA3","May",17.6,7.3,167.4154725098,34.2119439975929,54.0353936417445,79.1681348704628
4,"HA3","Jun",17.75,7.375,170.873187924157,35.7847038197962,54.9778714378214,80.1106126665397
4,"HA3","Jul",17.9,7.45,174.366246255867,37.3928065593525,55.9203492338983,81.0530904626166
4,"HA3","Aug",18,7.5,176.714586764426,38.484510006475,56.5486677646163,81.6814089933346
4,"HA3","Sep",18.2,7.6,181.458391671346,40.7150407905237,57.8053048260522,82.9380460547706
4,"HA3","Oct",18.3,7.65,183.853856069709,41.85386812745,58.4336233567702,83.5663645854885
4,"HA3","Nov",18.4,7.7,186.265028431339,43.0084034276442,59.0619418874881,84.1946831162064
4,"HA3","Dec",18.2,7.6,181.458391671346,40.7150407905237,57.8053048260522,82.9380460547706
4,"HA4","Jan",12.6,4.8,72.3822947387088,2.01061929829747,22.6194671058465,47.7522083345649
4,"HA4","Feb",12.7,4.85,73.8981131940659,2.26980069221862,23.2477856365645,48.3805268652828
4,"HA4","Mar",12.65,4.825,73.1382404709789,2.13824649984955,22.9336263712055,48.0663675999238
4,"HA4","Apr",12.9,4.95,76.9768739945839,2.83528736986479,24.5044226980004,49.6371639267187
4,"HA4","May",13.1,5.05,80.1184666481737,3.46360590058275,25.7610597594363,50.8938009881547
4,"HA4","Jun",13.2,5.1,81.7128249198705,3.80132711084365,26.3893782901543,51.5221195188726
4,"HA4","Jul",13.3,5.15,83.3228911548353,4.1547562843725,27.0176968208722,52.1504380495906
4,"HA4","Aug",13.4,5.2,84.948665353068,4.5238934211693,27.6460153515902,52.7787565803085
4,"HA4","Sep",13.6,5.3,88.2473376393373,5.30929158456675,28.9026524130261,54.0353936417444
4,"HA4","Oct",14.8,5.9,109.358840271461,11.3411494794592,36.4424747816416,61.5752160103599
4,"HA4","Nov",13.4,5.2,84.948665353068,4.5238934211693,27.6460153515902,52.7787565803085
4,"HA4","Dec",13.5,5.25,86.5901475145687,4.90873852123405,28.2743338823081,53.4070751110265
4,"HA5","Jan",15.5,6.25,122.718463030851,15.9043128087983,40.8407044966673,65.9734457253857
4,"HA5","Feb",15.6,6.3,124.689812420979,16.61902513749,41.4690230273853,66.6017642561036
4,"HA5","Mar",15.5,6.25,122.718463030851,15.9043128087983,40.8407044966673,65.9734457253857
4,"HA5","Apr",15.8,6.4,128.679635091038,18.0955736846772,42.7256600888212,67.8584013175395
4,"HA5","May",15.95,6.475,131.713235497161,19.244218498646,43.6681378848981,68.8008791136165
4,"HA5","Jun",16,6.5,132.732289614169,19.6349540849362,43.9822971502571,69.1150383789755
4,"HA5","Jul",16.2,6.6,136.847775990371,21.237166338267,45.238934211693,70.3716754404114
4,"HA5","Aug",16.4,6.7,141.026094219646,22.9022104446696,46.4955712731289,71.6283125018473
4,"HA5","Sep",16.4,6.7,141.026094219646,22.9022104446696,46.4955712731289,71.6283125018473
4,"HA5","Oct",16.45,6.725,142.080491254007,23.3282889483127,46.8097305384879,71.9424717672062
4,"HA5","Nov",16.5,6.75,143.138815279185,23.7582944427728,47.1238898038469,72.2566310325652
4,"HA5","Dec",16.3,6.65,138.929081123375,22.0618344098343,45.867252742411,70.9999939711293
4,"HA6","Jan",16.7,6.85,147.411381288067,25.5175863287831,48.3805268652828,73.5132680940011
4,"HA6","Feb",16.5,6.75,143.138815279185,23.7582944427728,47.1238898038469,72.2566310325652
4,"HA6","Mar",16.6,6.8,145.267244301992,24.630086404144,47.7522083345649,72.8849495632832
4,"HA6","Apr",16.9,6.95,151.746779150021,27.3397100678652,49.6371639267187,74.7699051554371
4,"HA6","May",17.2,7.1,158.367685667462,30.1907054009979,51.5221195188726,76.654860747591
4,"HA6","Jun",17.4,7.2,162.860163162095,32.1699087727595,52.7787565803085,77.9114978090269
4,"HA6","Jul",17.65,7.325,168.564117323769,34.7322702808436,54.3495529071034,79.4822941358218
4,"HA6","Aug",17.8,7.4,172.033613710577,36.316811075498,55.2920307031804,80.4247719318987
4,"HA6","Sep",18.1,7.55,179.078635236252,39.5919214168654,57.1769862953343,82.3097275240526
4,"HA6","Oct",18.05,7.525,177.89464750493,39.0362522162616,56.8628270299752,81.9955682586936
4,"HA6","Nov",18,7.5,176.714586764426,38.484510006475,56.5486677646163,81.6814089933346
4,"HA6","Dec",17.8,7.4,172.033613710577,36.316811075498,55.2920307031804,80.4247719318987
4,"HA7","Jan",15.5,6.25,122.718463030851,15.9043128087983,40.8407044966673,65.9734457253857
4,"HA7","Feb",15.3,6.15,118.8228881404,14.5220120412188,39.5840674352314,64.7168086639497
4,"HA7","Mar",15.45,6.225,121.738678822013,15.552847130678,40.5265452313083,65.6592864600267
4,"HA7","Apr",15.7,6.35,126.676869774374,17.3494454294496,42.0973415581032,67.2300827868216
4,"HA7","May",15.95,6.475,131.713235497161,19.244218498646,43.6681378848981,68.8008791136165
4,"HA7","Jun",16.15,6.575,135.813013910095,20.8307227887088,44.924774946334,70.0575161750524
4,"HA7","Jul",16.35,6.675,139.975624176102,22.4800589318435,46.18141200777,71.3141532364883
4,"HA7","Aug",16.5,6.75,143.138815279185,23.7582944427728,47.1238898038469,72.2566310325652
4,"HA7","Sep",16.7,6.85,147.411381288067,25.5175863287831,48.3805268652828,73.5132680940011
4,"HA7","Oct",17.45,7.225,163.993100012796,32.6745270927423,53.0929158456675,78.2256570743859
4,"HA7","Nov",16.8,6.9,149.57122623741,26.4207942166902,49.0088453960008,74.1415866247191
4,"HA7","Dec",16.7,6.85,147.411381288067,25.5175863287831,48.3805268652828,73.5132680940011
4,"HA8","Jan",17.3,7.15,160.606070433144,31.1724531052447,52.1504380495906,77.2831792783089
4,"HA8","Feb",17.1,7.05,156.145008865047,29.2246656600191,50.8938009881547,76.026542216873
4,"HA8","Mar",17.2,7.1,158.367685667462,30.1907054009979,51.5221195188726,76.654860747591
4,"HA8","Apr",17.5,7.25,165.129963854314,33.1830724035422,53.4070751110265,78.5398163397448
4,"HA8","May",17.65,7.325,168.564117323769,34.7322702808436,54.3495529071034,79.4822941358218
4,"HA8","Jun",17.8,7.4,172.033613710577,36.316811075498,55.2920307031804,80.4247719318987
4,"HA8","Jul",18,7.5,176.714586764426,38.484510006475,56.5486677646163,81.6814089933346
4,"HA8","Aug",18.2,7.6,181.458391671346,40.7150407905237,57.8053048260522,82.9380460547706
4,"HA8","Sep",18.3,7.65,183.853856069709,41.85386812745,58.4336233567702,83.5663645854885
4,"HA8","Oct",17.7,7.35,169.716689128555,35.2565235549114,54.6637121724624,79.7964534011807
4,"HA8","Nov",18.6,7.8,191.134497044403,45.3645979178366,60.318578948924,85.4513201776424
4,"HA8","Dec",18.1,7.55,179.078635236252,39.5919214168654,57.1769862953343,82.3097275240526
