"Date","DOY","Interval","VPD","LCON1","LCOS1","LCIN1","LCIS1","LCOS2","LCON2","LCON3","LCON4","LCOS4","LCON5","LCON6","LCOS6","LCON7","LCON8","LCOS8","LCON9","HOON10","HOOS10","HOIN10","HOIS10","HOON11","HOOS11","HOON12","HOOS12","HOON13","HOON14","HOOS14","HOON15","HOOS16","HOON16","HOOS17","HOON17"
2017-07-01,182,"24hr",46.892992,883.848155822056,2810.79827628478,1648.17751679712,1026.38364118951,3174.60149802848,2914.62728530639,1839.26020523867,1854.84666854869,2272.45846250262,1175.98149724772,1899.36441006578,2586.64996015551,2121.56135885242,853.734580392262,3770.44235063152,1509.67700788466,NA,3350.44003551145,964.892360824844,743.676839437407,1175.06773919681,1414.2434834682,1841.21288232796,1532.07401012836,2021.26062629478,1962.1800171479,2113.86511977318,2256.32841328294,2156.06414900238,2148.36008154173,3139.48159358694,1422.90895427448
2017-07-02,183,"24hr",51.871268,772.502486024406,2354.32282465475,1439.93048465603,873.970589762777,2727.09898855502,2321.88038527733,1567.14832814734,2096.77592701185,2538.21269984027,1307.53361776666,2279.50024995767,2818.64079910001,2429.57403416654,894.564692824749,3878.49027006889,1686.28431461457,NA,3885.29982481533,1098.59609626243,861.44902190045,1219.17986532751,1477.00945128256,1846.64773372919,1508.37035344673,2293.17877027785,2102.42601625411,2372.83430902178,2927.85233888453,2413.87898719941,2397.7590796514,3457.94464170437,1398.34078412915
2017-07-03,184,"24hr",63.922738,939.950898017485,2462.05678255736,1586.14257344498,979.838552845991,2851.31143655819,2390.25297996242,1648.04724305882,2312.33204939865,2605.65350775917,1341.68078436547,2493.22522057765,2862.57413019929,2689.35699492099,1018.66965454485,3760.1896734234,1804.84268057883,NA,4159.19031540989,1106.24841665338,905.824564741565,1242.15823314355,1484.3656965263,1755.69687581927,1425.16455349866,2534.81863942996,2156.01912766851,2603.23709155823,2306.8550167971,NA,2446.22854535526,3438.28556901257,1420.35532887234
2017-07-04,185,"24hr",44.9102875,624.031209188387,1957.5122102787,1206.33792472048,674.650167861892,2250.93762932618,2010.04131633664,1288.60226061164,1669.46765430948,1987.76735314039,1049.56256078469,1910.01035471179,2135.42503378588,1864.34398847607,788.72897172921,3093.12272825593,1348.53955395562,NA,2910.46442258479,795.640648170793,656.18666899715,986.239672598848,1124.1987138303,1460.69977710734,1229.56078118837,1862.24146466135,1654.28046688477,1855.68574502799,2819.92886467324,1799.2466703325,1896.15476113017,2548.54979902951,1165.68652616418
2017-07-05,186,"24hr",20.68981,NA,NA,NA,NA,NA,NA,NA,NA,NA,NA,NA,NA,NA,NA,NA,NA,NA,NA,NA,NA,NA,NA,NA,NA,NA,NA,NA,NA,NA,NA,NA,NA
2017-07-06,187,"24hr",44.22806,NA,NA,NA,NA,NA,NA,NA,NA,NA,NA,NA,NA,NA,NA,NA,NA,NA,NA,NA,NA,NA,NA,NA,NA,NA,NA,NA,NA,NA,NA,NA,NA
2017-07-07,188,"24hr",50.2913206,NA,NA,NA,NA,NA,NA,NA,NA,NA,NA,NA,NA,NA,NA,NA,NA,NA,NA,NA,NA,NA,NA,NA,NA,NA,NA,NA,NA,NA,NA,NA,NA
2017-07-08,189,"24hr",64.107986,NA,NA,NA,NA,NA,NA,NA,NA,NA,NA,NA,NA,NA,NA,NA,NA,NA,NA,NA,NA,NA,NA,NA,NA,NA,NA,NA,NA,NA,NA,NA,NA
2017-07-09,190,"24hr",60.6435203,NA,NA,NA,NA,NA,NA,NA,NA,NA,NA,NA,NA,NA,NA,NA,NA,NA,NA,NA,NA,NA,NA,NA,NA,NA,NA,NA,NA,NA,NA,NA,NA
2017-07-10,191,"24hr",72.452299,NA,NA,NA,NA,NA,NA,NA,NA,NA,NA,NA,NA,NA,NA,NA,NA,NA,NA,NA,NA,NA,NA,NA,NA,NA,NA,NA,NA,NA,NA,NA,NA
2017-07-11,192,"24hr",88.142589,NA,NA,NA,NA,NA,NA,NA,NA,NA,NA,NA,NA,NA,NA,NA,NA,NA,NA,NA,NA,NA,NA,NA,NA,NA,NA,NA,NA,NA,NA,NA,NA
2017-07-12,193,"24hr",57.282181,NA,NA,NA,NA,NA,NA,NA,NA,NA,NA,NA,NA,NA,NA,NA,NA,NA,NA,NA,NA,NA,NA,NA,NA,NA,NA,NA,NA,NA,NA,NA,NA
2017-07-13,194,"24hr",36.221953,NA,NA,NA,NA,NA,NA,NA,NA,NA,NA,NA,NA,NA,NA,NA,NA,NA,NA,NA,NA,NA,NA,NA,NA,NA,NA,NA,NA,NA,NA,NA,NA
2017-07-14,195,"24hr",19.159048,361.53864133211,1402.39408617143,728.841936411527,467.76867458195,1602.35645717287,1510.91475897748,896.134067086843,1139.1843205831,1181.96922773412,687.298545327973,1171.89539371413,1537.47297690709,1329.30649947004,462.431322188334,2466.7639320415,839.231981799372,1381.92853993545,2219.19903843849,578.113347039257,478.500460300875,744.927112928312,903.698557457724,1277.34879492398,1121.83906051861,1322.21038151682,1221.4456901562,1255.3386578727,1178.06699207617,1430.16688292745,1369.56079772068,2054.31314536572,883.845292413122
2017-07-15,196,"24hr",47.969764,736.455962462266,2733.17922524836,1467.28387427157,878.845998021429,2980.95760152939,2591.87573466587,1637.18919976362,2146.58369495021,2034.3181613374,1247.86838615942,2146.87036167761,2765.54656241661,2561.80257761195,887.347246617247,3583.91606413095,1569.42073570335,2356.57997115465,3924.94785544924,991.984978165672,834.034441109782,1191.71640993396,1436.62182838321,1900.92063114399,1528.36482682443,2112.82755899761,2118.89467324685,2293.21887182203,2120.51165430797,2358.61262282651,2372.61948201102,3215.91198733957,1470.65296308218
2017-07-16,197,"24hr",64.516258,870.912468901355,3114.78795958938,1740.70114843663,936.392578297458,3406.98827441196,3001.48465236137,1873.07872900766,2668.12024754566,3582.93981950847,1458.47697406703,2626.34435439013,3375.84522136754,3052.13620804266,1070.82934825435,4083.49623317728,1924.66132102681,2637.57546682389,5137.070523272,1218.61869341488,1032.71898205225,1400.95082316646,1688.96161600243,2076.73000229793,1665.20681664965,2692.165634095,2457.85113039564,2830.75518753201,2629.38881200506,2783.17176693706,2878.81721620716,3902.81232938054,1562.80270702566
2017-07-17,198,"24hr",61.658313,773.325027479103,2950.63806983566,1624.31376012047,850.22261250484,3005.58733374393,2853.85827290965,1678.75714001942,2517.97042012778,2008.02416470858,1361.39814211346,2433.98417141014,3213.97176452335,2777.7702310261,969.726470939915,3683.4488154973,1821.73714260529,2270.54115840703,4933.30210337855,1129.09541930979,955.302723536221,1228.60648060725,1510.11284872896,1806.07931220467,1474.58498869056,2682.40259282875,2188.21812236198,2695.18782155834,2423.7782557268,2584.79077052622,2692.68837117981,3655.26716543341,1302.62608009781
2017-07-18,199,"24hr",37.230775,553.085890083954,2222.72627696347,1204.51598107537,679.754796705748,2349.86516423485,2235.7348234152,1354.7203924556,1852.39487829239,2146.3653770048,1020.39143515597,1987.48772470807,2432.94584520819,1907.17438825736,703.262945985263,3152.67098715743,1312.7691580266,1940.30041898803,3567.48777994914,850.841741152641,701.52153262584,1028.22845129896,1233.46295273066,1605.77898682283,1282.30451830822,1937.61319720722,1689.4077146091,1941.66635653643,1788.05300434781,1973.4505188449,1969.4585174723,2902.46938529456,1095.55257193058
2017-07-19,200,"24hr",70.412901,848.594993067779,3287.09081393339,1786.08150048431,909.500591501398,3245.5174326091,3082.46463433275,1742.24699344066,2810.09892585989,2696.29206235614,1419.61555526272,2570.15057765405,3521.57059440753,2944.37600688601,1051.67894720949,3693.40084940829,1988.37023876439,2352.50540805263,5266.82223572827,1102.53613323534,910.987317380019,1268.79417321759,1527.74265914432,1797.69775733397,1467.41869986931,2749.22122995527,2290.30499336315,2776.95138660723,2495.38590708258,2730.12915934412,2801.31529391978,3746.87822922909,1372.46369624102
2017-07-20,201,"24hr",61.8033537,823.977323617322,3240.38839095733,1761.61428756566,934.622627175032,3142.54424074133,3109.38385048177,1778.21462660683,2612.31224200075,2677.27861522283,1357.2694726041,2543.51798669514,3397.88379449759,2501.13793878876,984.402661846734,3687.10294183742,1853.73119506071,2242.31774897361,4823.23315936254,1047.76002098414,918.853003060335,1274.05156550792,1529.00619123829,1742.89240094279,1432.82725997937,2754.69551859474,2185.98510309822,2620.97860975383,2512.34963166828,2716.96273936391,2747.08770126729,3580.40424647046,1339.03904408848
2017-07-21,202,"24hr",32.102773,461.15642884673,1964.57812887198,999.335066187916,592.869631536105,1950.10185342473,1870.62045142827,1134.13964895207,1455.95224246616,1767.75243481181,783.867146784617,1583.07796249562,2006.97596436779,1306.66461767568,595.218409616819,2607.63418789083,1022.36600187678,1325.66081500476,2760.64192604977,604.861942818691,528.867864216891,817.113670077295,991.148267347255,1186.98360688599,954.370245001568,1750.80971965318,1377.11420156683,1626.47779840036,1571.77544642879,1760.734427922,1771.94781072189,2225.30791425641,874.900277966015
2017-07-22,203,"24hr",46.941982,588.779842381463,2520.79001112244,1209.62923521426,736.698507144692,2522.12957436727,2282.84086714819,1415.28577307694,1848.72589340632,1976.57581118677,1050.87877617144,1907.27447493622,2452.09242559189,2032.57533971558,733.96352965549,2693.0218521989,1352.42510748218,1623.19866327095,3053.63884270622,701.445761265406,615.533646921625,944.639313417439,1152.44436215576,1476.46810981345,1183.75081852816,1902.57026388536,1638.15586655724,1858.02739759358,1661.84815315319,1949.72500892875,1965.72245717202,2482.57739095292,1138.89739704708
2017-07-23,204,"24hr",63.58051,704.539312758893,2897.8365540497,1457.65835741523,828.519154358305,2811.28111064003,2734.61687332388,1657.80770876332,2236.65880130402,2207.74532469346,1260.63243170901,2298.31709899673,3104.11238640066,2288.04844419624,873.798327090741,3079.9331557225,1625.66566505049,1901.27980941194,3850.04320766525,844.653034604917,725.341251011156,1108.69108665129,1346.38467450653,1639.33224442128,1319.30458642307,2193.59129903677,1860.96763293944,2134.64597632471,1996.46574518349,2253.8259225539,2257.80161166828,2940.62564327958,1310.40606250005
2017-07-24,205,"24hr",58.81298,727.580759149218,2830.01733043228,1541.06516397482,828.033751726985,2833.16945807617,2606.48080608487,1617.74658426448,2379.23749455527,2194.10154244066,1234.87254123437,2301.10285310911,3053.94900726751,2390.18866358915,922.970919127067,2994.7001646675,1718.11932219077,1964.27264479375,4179.23547622984,880.612889611372,761.12380389664,1113.20433894041,1349.07659928427,1593.60827428733,1249.79724844645,2275.41270900481,1940.99125184003,2186.77957338906,2063.13223381344,2322.40836866052,2311.15980716231,3058.97161101953,1310.63513191699
2017-07-25,206,"24hr",76.659439,750.88898757261,2973.65555252545,1623.3142708805,823.026419489452,3026.12279184011,2561.15826345566,1671.43347553221,2501.12847492127,2267.63182649794,1290.17640690609,2553.13904752214,3259.93391610121,2468.88305148378,940.863209572729,2858.81889753957,1883.00719514162,1879.7635360262,4531.2837364371,919.995708082992,835.257831215352,1147.69852817062,1382.01675151846,1595.08399272144,1222.32675266464,2465.40834130918,2040.15797274945,2427.57270336927,2522.08032144976,2527.42642992421,2518.60881716754,3355.46277954348,1392.38162703785
2017-07-26,207,"24hr",56.3609588,595.330086088256,2348.8048642075,1331.26898947751,783.602828051329,2440.89685587672,2252.58929718851,1566.88505493315,1875.6599811566,2160.98807072323,1136.63974316911,2200.94040982409,2770.74057554659,1795.56463213324,799.835883036629,3115.5297346348,1536.5417501969,1826.33209423121,3573.25502252642,837.088346823522,720.601884323143,1108.05944846099,1297.05763987602,1555.08115066631,1198.23096576771,1905.10531759783,1723.18585102066,1921.29380287602,2048.87709749836,2171.68666588054,2113.35919443074,2925.85361253243,1308.2050743493
2017-07-27,208,"24hr",28.419154,480.494828588103,1962.33427035503,1103.111068598,662.094339888637,1908.39623302165,2075.86321364836,1289.7874301638,1394.67755875179,1579.52359157917,845.194171737466,1400.32084231063,2057.97170883443,1284.56668219547,576.387658286562,NA,1151.273862292,1361.00587121721,2616.93756869552,595.656721767042,548.945904413571,824.481572660679,959.53171026974,1273.77453860858,971.51235616819,1429.1600499706,1254.19942453553,1532.88769240083,1648.88909483476,1696.60924479038,1656.04813957741,2308.27239284911,1035.96295145856
2017-07-28,209,"24hr",11.368011,137.533256986228,862.828328658855,461.322246246263,286.115130828025,830.712646416022,950.291098010457,550.651001278646,619.633034384336,751.3471340334,372.743036718346,670.203004693796,916.83593851381,554.839882044211,225.501192624135,899.489626891711,511.775537805688,559.27943658573,1163.59386741216,288.118122478644,263.736499481391,363.742102358687,434.852418545371,652.927115161791,469.278464789728,662.637700664673,547.035659533575,585.750252818969,620.388143983492,690.132598935245,640.100139209579,1056.60115814619,426.424029507324
2017-07-29,210,"24hr",25.753764,324.450815133694,1545.2150335562,752.549814147186,543.834765554377,1759.71683227302,1595.595628196,1091.56276756906,1174.46546869687,1760.84589802454,717.442210061429,1404.13929733722,1802.07466880129,1138.87067372575,552.748392261538,2124.30205445455,983.692498886159,1643.52548133345,2438.94228913525,578.525504013018,507.998004145983,912.085524977896,1006.20943911491,1618.08916796005,1142.55455619953,1209.46071022967,1362.18043371216,1301.22878059024,1296.9556527735,1525.9261912937,1402.81540598441,2085.63344428204,1135.29604063859
2017-07-30,211,"24hr",84.653414,840.487592041329,3207.75808467363,1741.24274775311,1064.2180953693,3239.26620495286,3137.85043506564,2048.90233803905,2465.40052138233,2667.33414951826,1376.1679682712,2742.90725643452,3486.77960144049,2251.98650666881,1057.38851458779,2722.50236778404,1974.41535440374,2205.63440519784,4842.33574001072,987.407391950805,908.203526739229,1296.26309061756,1543.02122570411,1851.52951324047,1404.94193513119,2239.53552361172,2142.54369103517,2378.3433069112,3206.90511231851,2560.40524749634,2514.06435224603,3433.96084740849,1487.15373759055
2017-07-31,212,"24hr",80.83531,754.35427926206,3256.88031316062,1853.25311501897,984.941964279589,3176.74352591902,3111.56984837107,1800.45475692107,2718.54494254868,2189.99367790691,1321.36932650859,2695.17087652605,3459.8671857629,2610.82861616999,1004.44620286126,1947.78236418626,2169.21097405162,1695.7644801176,5203.41642950927,1039.54514797646,918.445282641578,1154.99902624032,1420.14405365389,1499.31352600593,1246.92918255069,2640.63943964837,1958.33497248781,2844.86948162297,2905.97634654343,NA,2992.60295169659,3795.36764887907,1480.97900223485
2017-07-01,182,"Night",5.269832,87.9801638235257,268.332952816276,174.85686302177,135.048259362004,276.94023485913,314.404274269261,207.750144394153,117.299651843312,180.154978481751,92.7373648074646,131.619769378872,203.129435744483,110.887191510081,30.2014666740124,375.34925835215,88.5219032959786,NA,283.233191003517,98.1192835241631,72.9704341771773,92.5844175872786,125.737519426814,196.392311278362,170.359601400015,114.45758752313,141.297097372473,137.046829708569,146.037953727678,174.405403648881,132.008732954411,261.369882079881,94.4516186368003
2017-07-02,183,"Night",1.656053,129.335612899487,185.435806632861,173.583704929958,168.052382478998,184.677230793927,195.103466044854,180.996697473101,60.22038492145,100.596272032324,49.6997474642058,62.658668354315,89.9518009133321,44.8063144313809,7.37492714730372,180.181620982695,41.2818005849739,NA,138.371527427199,58.394325178657,39.2249128879896,36.8052386906314,53.7308430295067,86.3339527546088,76.8312312132356,39.5222795610149,70.9331297709058,55.8846349960979,64.5843683964161,75.0215382033374,54.0222553239694,121.284020294541,31.701772788424
2017-07-03,184,"Night",1.473249,62.2085696298128,29.8798427415999,54.5580531280472,74.8901691095913,28.8667644237473,30.3618605139367,39.7896704825323,48.5968467322327,40.3066377793918,29.8111825433639,39.9285712441949,28.141927223069,46.8844940141495,10.7716112522842,50.2725378540908,35.8817493053634,NA,58.975544749027,21.3785399742305,17.7773917508076,8.00588905575585,11.1864006220538,12.8942044734859,14.1295352360171,33.76406025493,23.7634422400464,31.2495143152275,146.214457373828,14.1214217822719,14.3109932177623,35.4378074154021,8.94737104384245
2017-07-04,185,"Night",0.173402500000001,4.59754628600841,8.79713062020043,9.94670608436891,5.83800264194922,10.2287928054027,31.607529774403,7.33762019441891,16.3283508171214,16.8148223141563,10.0751378238658,26.7144919870208,11.4634024607988,13.6030707277449,1.82958366894082,53.9122394346957,9.88059688585179,NA,19.2965741507008,8.74693248794326,3.52177514866386,8.07460593387807,8.93344446697393,23.9149515632649,34.7426006160027,13.1667184739142,11.6925732526525,4.65619444939377,156.682628357051,2.97590300422549,3.08242921463152,29.0000615469045,5.53587115833388
2017-07-05,186,"Night",0,NA,NA,NA,NA,NA,NA,NA,NA,NA,NA,NA,NA,NA,NA,NA,NA,NA,NA,NA,NA,NA,NA,NA,NA,NA,NA,NA,NA,NA,NA,NA,NA
2017-07-06,187,"Night",0.38708,NA,NA,NA,NA,NA,NA,NA,NA,NA,NA,NA,NA,NA,NA,NA,NA,NA,NA,NA,NA,NA,NA,NA,NA,NA,NA,NA,NA,NA,NA,NA,NA
2017-07-07,188,"Night",0.3873096,NA,NA,NA,NA,NA,NA,NA,NA,NA,NA,NA,NA,NA,NA,NA,NA,NA,NA,NA,NA,NA,NA,NA,NA,NA,NA,NA,NA,NA,NA,NA,NA
2017-07-08,189,"Night",4.235316,NA,NA,NA,NA,NA,NA,NA,NA,NA,NA,NA,NA,NA,NA,NA,NA,NA,NA,NA,NA,NA,NA,NA,NA,NA,NA,NA,NA,NA,NA,NA,NA
2017-07-09,190,"Night",1.4628443,NA,NA,NA,NA,NA,NA,NA,NA,NA,NA,NA,NA,NA,NA,NA,NA,NA,NA,NA,NA,NA,NA,NA,NA,NA,NA,NA,NA,NA,NA,NA,NA
2017-07-10,191,"Night",1.538929,NA,NA,NA,NA,NA,NA,NA,NA,NA,NA,NA,NA,NA,NA,NA,NA,NA,NA,NA,NA,NA,NA,NA,NA,NA,NA,NA,NA,NA,NA,NA,NA
2017-07-11,192,"Night",2.503894,NA,NA,NA,NA,NA,NA,NA,NA,NA,NA,NA,NA,NA,NA,NA,NA,NA,NA,NA,NA,NA,NA,NA,NA,NA,NA,NA,NA,NA,NA,NA,NA
2017-07-12,193,"Night",1.872591,NA,NA,NA,NA,NA,NA,NA,NA,NA,NA,NA,NA,NA,NA,NA,NA,NA,NA,NA,NA,NA,NA,NA,NA,NA,NA,NA,NA,NA,NA,NA,NA
2017-07-13,194,"Night",-4.44e-16,NA,NA,NA,NA,NA,NA,NA,NA,NA,NA,NA,NA,NA,NA,NA,NA,NA,NA,NA,NA,NA,NA,NA,NA,NA,NA,NA,NA,NA,NA,NA,NA
2017-07-14,195,"Night",0.265050000000002,4.18267052277311,39.262933213916,17.1761773335988,16.1978308801403,52.4673696446751,59.7034996977202,30.6268281295423,21.7625258267547,13.1104769007806,21.1842050127356,30.2528475113371,43.6624917875493,20.2864674049446,5.82839946980124,144.492425717642,16.8270238110134,58.6653662390788,55.821181825529,22.7299364163375,14.644151543622,32.2645085991822,38.3049620676522,64.6127339166542,54.2900700798334,17.926926202068,38.0096198224326,25.6578001930674,21.9493381323478,45.2966891299193,24.2763702699159,72.4552663350127,28.2534812444623
2017-07-15,196,"Night",3.847744,17.9071510386531,181.243623210601,93.5264902555898,57.6593338094001,194.152239958285,221.706206583688,114.187492069883,111.146349175097,139.616082005894,79.5553336957867,117.120023581121,160.490273810422,105.047592530302,18.5900294877767,333.418455530696,57.8620997415556,237.794540819216,252.525945900148,91.7799845283103,66.2947156070889,93.5705427795504,116.523108646681,175.706726185662,132.670460928923,77.0422141571234,145.223103780053,140.403393692824,84.3871358785991,129.430544480844,101.401988405708,207.675981925811,86.0121812897359
2017-07-16,197,"Night",2.505978,11.5474333403275,86.8718765285195,61.6625827353672,26.3021759876222,89.9335067497256,114.904211274287,45.4833862392664,70.4171830524083,230.989163979185,44.8133634339203,47.9913299760939,72.6750273357879,63.0372224671071,10.7197319713366,152.868051475848,40.7369636435347,75.5025603870833,115.190225418777,51.4011037107854,34.5584194379727,28.015078741197,33.8666928791925,72.6710452223452,46.2112894052094,45.4654568000563,58.8713780762355,59.2851655200638,28.2808851748756,48.4890736874503,39.071311671103,95.2614587491151,27.102718308601
2017-07-17,198,"Night",1.947743,13.4715486462132,114.626150716394,70.2199157677579,32.0390717559176,104.961511874503,156.022029443033,57.4182096317273,82.790963445142,69.4240353298525,57.0615898065384,75.0536002427793,105.538908315389,69.7300810144854,15.4731291824806,203.068463076618,58.6455478662816,90.3317118853474,160.492908236075,56.097482039178,41.676096568486,35.2249187262491,43.8760666825517,89.4394148432335,60.6721432169649,64.8127011297158,68.8695430035503,75.4702158372734,48.3921599821969,64.0299784001696,54.8160385219908,140.498823945144,30.8915278706696
2017-07-18,199,"Night",1.121942,12.8087808924523,91.9733788808534,56.7828905303725,30.1306535000153,85.4689572050287,116.79524050602,53.6528207258959,62.6974572790298,116.404259640832,46.4501246447647,64.2562963366029,92.7800000094003,38.9917174098722,14.3784880413924,195.18537356125,44.114686619591,102.42349890831,132.120755400887,42.5928300293125,27.5471271080839,43.0340714043012,44.501298041517,92.5082773101861,59.0281835318918,39.3621009186972,64.7756062950957,55.1660586306856,38.0667278124468,52.8872406699276,42.7061072021599,108.911004484308,29.4370174921824
2017-07-19,200,"Night",2.022231,11.9667070693,80.1461891562057,56.6175979582335,25.0201501112792,67.6388544213314,112.47920257459,30.2604883725081,65.145634767559,66.524757378951,36.7844529485352,40.6261599580773,66.34326632657,49.2683832367819,10.4725235412473,126.024705445673,39.7087872770216,62.8944182111904,102.542743801073,34.3423069882774,19.5536911355262,19.0862367634006,21.6430207034728,47.5226146407727,31.039235424183,34.1556135749115,48.5898120893182,44.2956533454599,18.7322468592826,36.7157378711449,26.6523152219641,84.9806365636653,16.1000962286507
2017-07-20,201,"Night",6.6991837,26.1742355042834,220.449743205155,112.529308841904,62.6240901495407,182.648080782763,252.740256827467,110.766973779689,132.002850295591,188.079803320113,84.1034959178264,141.455417461801,221.829947133426,72.5284501947385,26.6982743387319,328.81116004751,80.9381129038431,148.397325199224,264.818949398166,68.8201053874971,59.8377743996619,60.7770373121007,78.4688317268313,108.436702562226,76.8911715581164,104.102049348567,101.842139244889,122.448304487952,92.9190049831525,138.643438141363,106.537304237464,207.245377664565,46.851731571158
2017-07-21,202,"Night",3.974053,18.2968332949173,147.730061399639,76.7028273487725,52.0874387184794,123.154918813642,161.189798509859,85.4492983383551,89.6492403503735,148.797449449032,57.2439039445647,97.1412962045414,147.799465525805,36.0494318346045,20.49731767574,281.151961667652,61.2774117997757,72.1550786661196,169.540113953727,50.0438395428972,49.2125660811988,47.9506728187524,58.6024005123408,70.2349304125255,49.8581259530044,84.3411697340632,85.1069005386238,97.9951305319197,66.4209823260847,111.957619705019,94.2611779753952,127.282381322558,22.4578453217928
2017-07-22,203,"Night",2.310032,18.4286730346647,144.235272993591,61.3869760430447,40.9801333711422,143.680634798971,164.940786513129,75.1830206049228,88.9059189857008,122.117240452932,56.3350158253315,94.1908707472564,132.338434500637,50.2187429435758,22.4938409688172,208.309909781698,69.3489015128192,60.7482653515436,131.627482663425,38.8049473924809,37.9995762600247,41.0830566065866,52.5408121966877,74.6311093815303,52.809397520761,74.325276776509,68.5778427011861,83.7751345724146,59.0491074831759,86.4196133424736,73.331563209684,122.500380899357,47.3582311727811
2017-07-23,204,"Night",8.67181,14.3631349265377,204.44355882506,77.5336718903501,49.8896802795059,149.789804206573,236.409539945503,117.64772090555,107.169924645357,177.731463800966,90.6608376607728,146.593174502538,244.74686521962,49.8337802124681,9.7640355523694,326.228780198373,77.9268121288722,120.710950876682,201.53605096766,52.2899496402122,40.6855053019526,46.1093957877733,56.1390898761859,113.861335865434,64.0372907469103,48.1677459333919,69.7554004562667,73.8953382847127,35.1032980625782,87.8985974126497,69.2628619877063,134.813166539569,31.6114499408838
2017-07-24,205,"Night",3.67694,12.3344387970727,118.995068939265,67.7185737062771,30.1731918664656,88.8443526621977,134.494182396124,60.1578462431823,87.0634128720426,102.837163840054,56.52071383389,68.5954507350318,123.586661595527,55.2508405164219,11.8637905648025,188.86295778524,56.0577554333943,75.9319649165843,182.011711593584,41.2885174381081,29.2395800939684,25.8977730668112,29.8148735511481,71.0593273114504,33.3132566667162,42.6644082711667,56.6132842400403,50.8408652356314,21.9416259071499,52.8264293169258,38.2101622322999,93.8448937054135,18.0186176918145
2017-07-25,206,"Night",2.428429,4.58552240513399,73.8171831782842,44.0121848462482,17.3219471050326,64.6256719355426,69.5257148915607,33.2069002293386,51.1361022335453,71.8518753722167,35.0504899223836,38.0867748123026,69.4777678159315,35.017890383597,6.50399554070834,104.183744806532,37.8086482812726,45.0218711434532,84.370464379321,25.8271641549001,21.7829439576672,14.8496870883012,17.7477460093559,43.1179881222289,15.1774634208369,30.1308209524128,36.4734782560975,40.4759694382875,18.9753438320553,35.3289671887816,24.9708864510849,86.2383678860126,21.6254736230487
2017-07-26,207,"Night",9.7600788,9.77378254106798,117.390827872292,61.7874204185504,29.7756839574864,74.7515396057133,118.669722920892,60.2635004201874,61.1205703446713,100.559775269172,48.3467981285402,94.9838568372249,157.18272629399,49.7933220566615,7.89685046548459,201.270373352369,51.8255189824884,38.9129035680455,137.094602595207,46.5822706720091,41.3860469777342,22.7983956969701,33.1672863128429,29.0904218890081,14.2292908691553,57.7185816399515,27.7330022603255,53.1542347350592,45.8135458917355,66.5378141162583,45.8314959304288,128.017719039308,15.1059080828244
2017-07-27,208,"Night",4.44e-16,2.36693727054194,31.3402941998552,13.8938757507678,6.53931133288,13.5696703269853,54.0305705920593,15.2669556376514,9.34393301098483,25.2807940659697,10.7392089314084,9.20565658096773,27.1157466705207,9.18895898116606,1.34645022575192,16.5147467540401,14.8216284387678,14.6740879453532,34.0874422943705,8.22955625048503,10.1137495154527,8.30806054574171,7.42934332121335,21.4525764935325,7.02852245299405,5.54635483974767,5.88799586138427,18.2709462774241,23.1567165997308,19.1263043992575,15.2662458572437,37.5349012082379,12.4776800885163
2017-07-28,209,"Night",8.88e-16,1.7677698130725,7.68301062781684,5.39716369922688,5.47738327497232,12.9511817064186,6.81399379992903,4.76583267924223,3.99073619594422,11.4607316243328,11.6345877758526,9.47706247850671,6.50841178251477,10.3975698393608,7.58567344398276,0.152874323115632,8.41521785690708,3.48182439791398,28.0704781159243,2.65898994778954,1.96379441109977,6.12127136862874,1.1853342582578,9.87840719516107,5.29256908089703,2.10286184395992,20.2145215118623,4.74987876836796,9.96933627023756,5.26754393273839,4.12366165591521,4.98920371830955,13.4966420992546
2017-07-29,210,"Night",0.882769,6.66152018400428,67.1451929025058,29.1323022251366,20.8370106793018,56.5141405368404,83.9491168180763,43.9744435793796,39.4809973985346,83.8706439381297,32.8038517689079,46.4423228097051,72.0251547531168,24.8939260981255,14.3982987041859,94.8587929574872,33.7563382021171,64.276836957894,102.141505064808,31.0308476660796,25.5895792239161,35.4935183591359,35.3720262712173,58.2181072407379,31.998530907181,34.542051132927,51.0188395615442,41.0858100125486,31.4832804449302,47.0792553728207,36.8348519541086,75.8026839604213,36.9241575044906
2017-07-30,211,"Night",5.763054,10.1778934866139,135.728036884388,63.8402305493518,40.5256461232986,85.5034245650092,191.684259813826,105.108032099794,58.7440215792593,147.826760732469,55.3254176694214,91.803275200789,161.891216246366,23.8344883105439,9.65364440374249,207.0347300271,43.3256361938565,84.3275164734831,108.35751980508,36.7326213595517,27.2449977526442,40.7733054207547,48.4011378225669,48.6689984004894,14.5196353842274,18.0318416677691,37.8375794340835,32.144545621913,56.8631576271569,39.3763334390675,20.5673083466826,88.4219046967319,21.3345960119283
2017-07-31,212,"Night",4.172018,13.6725369592078,63.5453580435426,53.9354765879988,28.4224241968453,47.3462853024163,87.8326715390325,33.9523330841209,45.6567909369218,55.1046754027218,28.4947748238152,36.145798259667,54.4362374788541,35.6130238069588,8.81658805145385,51.8732756789352,35.7097818784684,30.0466166361556,70.5834804705623,24.910846583724,20.0659482844113,16.4384712408934,17.2355065580492,27.7966740667045,17.0648394964765,30.750759947585,27.5246550246637,24.7966015234405,18.0522571934321,NA,19.2953103124534,52.3649076747366,12.7685876421622
2017-07-01,182,"Daytime",41.62316,795.86799199853,2542.46532346851,1473.32065377535,891.33538182751,2897.66126316935,2600.22301103713,1631.51006084452,1737.54701670538,2092.30348402087,1083.24413244026,1767.74464068691,2383.52052441103,2010.67416734234,823.533113718249,3395.09309227937,1421.15510458869,NA,3067.20684450793,866.77307730068,670.70640526023,1082.48332160954,1288.50596404138,1644.82057104959,1361.71440872834,1906.80303877165,1820.88291977543,1976.81829006461,2110.29045955526,1981.6587453535,2016.35134858732,2878.11171150705,1328.45733563768
2017-07-02,183,"Daytime",50.215215,643.166873124919,2168.88701802189,1266.34677972607,705.918207283779,2542.42175776109,2126.77691923247,1386.15163067424,2036.5555420904,2437.61642780794,1257.83387030245,2216.84158160336,2728.68899818667,2384.76771973516,887.189765677446,3698.30864908619,1645.0025140296,NA,3746.92829738813,1040.20177108378,822.22410901246,1182.37462663688,1423.27860825306,1760.31378097458,1431.5391222335,2253.65649071684,2031.4928864832,2316.94967402569,2863.26797048812,2338.85744899607,2343.73682432743,3336.66062140983,1366.63901134072
2017-07-03,184,"Daytime",62.449489,877.742328387672,2432.17693981576,1531.58452031693,904.9483837364,2822.44467213445,2359.89111944849,1608.25757257629,2263.73520266641,2565.34686997978,1311.86960182211,2453.29664933345,2834.43220297623,2642.47250090684,1007.89804329256,3709.91713556931,1768.96093127346,NA,4100.21477066087,1084.86987667915,888.047172990757,1234.1523440878,1473.17929590425,1742.80267134578,1411.03501826264,2501.05457917503,2132.25568542847,2571.987577243,2160.64055942328,NA,2431.9175521375,3402.84776159717,1411.4079578285
2017-07-04,185,"Daytime",44.736885,619.433662902379,1948.7150796585,1196.39121863611,668.812165219942,2240.70883652078,1978.43378656223,1281.26464041722,1653.13930349236,1970.95253082624,1039.48742296082,1883.29586272477,2123.96163132508,1850.74091774832,786.899388060269,3039.21048882124,1338.65895706977,NA,2891.16784843409,786.893715682849,652.664893848486,978.16506666497,1115.26526936332,1436.78482554408,1194.81818057237,1849.07474618743,1642.58789363212,1851.02955057859,2663.24623631619,1796.27076732827,1893.07233191554,2519.54973748261,1160.15065500585
2017-07-05,186,"Daytime",20.68981,322.929387781933,1134.98761284913,682.173100704338,413.995931966686,1438.73733679224,1240.73405245991,811.188351004772,838.064469054428,1208.71045547319,590.826401267147,972.140055496328,1234.55564653533,946.033294370867,374.50077627196,2143.60458453782,716.396991644841,NA,1731.42746754062,498.145952128787,437.370311863335,668.091535721841,722.274149646838,1078.02077145213,868.784939640506,964.05332941426,1007.17302572748,1061.24226974856,1566.44648868181,1211.90139980829,1164.81979849935,1676.15499965342,774.388950981331
2017-07-06,187,"Daytime",43.84098,NA,NA,NA,NA,NA,NA,NA,NA,NA,NA,NA,NA,NA,NA,NA,NA,NA,NA,NA,NA,NA,NA,NA,NA,NA,NA,NA,NA,NA,NA,NA,NA
2017-07-07,188,"Daytime",49.904011,NA,NA,NA,NA,NA,NA,NA,NA,NA,NA,NA,NA,NA,NA,NA,NA,NA,NA,NA,NA,NA,NA,NA,NA,NA,NA,NA,NA,NA,NA,NA,NA
2017-07-08,189,"Daytime",59.87267,NA,NA,NA,NA,NA,NA,NA,NA,NA,NA,NA,NA,NA,NA,NA,NA,NA,NA,NA,NA,NA,NA,NA,NA,NA,NA,NA,NA,NA,NA,NA,NA
2017-07-09,190,"Daytime",59.180676,NA,NA,NA,NA,NA,NA,NA,NA,NA,NA,NA,NA,NA,NA,NA,NA,NA,NA,NA,NA,NA,NA,NA,NA,NA,NA,NA,NA,NA,NA,NA,NA
2017-07-10,191,"Daytime",70.91337,NA,NA,NA,NA,NA,NA,NA,NA,NA,NA,NA,NA,NA,NA,NA,NA,NA,NA,NA,NA,NA,NA,NA,NA,NA,NA,NA,NA,NA,NA,NA,NA
2017-07-11,192,"Daytime",85.638695,931.38650807633,3196.68503278602,1787.1418083219,937.066327409629,3348.11813116023,3177.34082478096,1802.90788076397,2527.12917698,2736.89664369918,1405.04767787239,2196.14832712153,3263.58009377148,2780.74145176287,1117.43287153924,4046.29454614898,1908.49332071893,NA,4752.99534182109,1043.88874460714,891.049057793853,1310.65507272792,1563.5166086002,1953.39763432227,1623.69672806836,2709.50956272808,2236.21681600781,2676.91084632142,2549.68265125472,2495.21887562385,2685.32855441176,3640.66104711637,1501.78649067912
2017-07-12,193,"Daytime",55.40959,NA,NA,NA,NA,NA,NA,NA,NA,NA,NA,NA,NA,NA,NA,NA,NA,NA,NA,NA,NA,NA,NA,NA,NA,NA,NA,NA,NA,NA,NA,NA,NA
2017-07-13,194,"Daytime",36.221953,NA,NA,NA,NA,NA,NA,NA,NA,NA,NA,NA,NA,NA,NA,NA,NA,NA,NA,NA,NA,NA,NA,NA,NA,NA,NA,NA,NA,NA,NA,NA,NA
2017-07-14,195,"Daytime",18.893998,357.355970809337,1363.13115295751,711.665759077928,451.570843701809,1549.88908752819,1451.21125927976,865.507238957301,1117.42179475634,1168.85875083334,666.114340315237,1141.6425462028,1493.81048511954,1309.0200320651,456.602922718532,2322.27150632386,822.404957988358,1323.26317369637,2163.37785661296,555.38341062292,463.856308757253,712.66260432913,865.393595390072,1212.73606100733,1067.54899043877,1304.28345531475,1183.43607033377,1229.68085767963,1156.11765394382,1384.87019379753,1345.28442745077,1981.85787903071,855.59181116866
2017-07-15,196,"Daytime",44.12202,718.548811423613,2551.93560203775,1373.75738401598,821.186664212029,2786.80536157111,2370.16952808219,1523.00170769374,2035.43734577511,1894.7020793315,1168.31305246363,2029.75033809649,2605.05628860619,2456.75498508164,868.757217129471,3250.49760860025,1511.55863596179,2118.78543033543,3672.42190954909,900.204993637362,767.739725502693,1098.14586715441,1320.09871973653,1725.21390495833,1395.69436589551,2035.78534484048,1973.6715694668,2152.81547812921,2036.12451842937,2229.18207834567,2271.21749360532,3008.23600541376,1384.64078179245
2017-07-16,197,"Daytime",62.01028,859.365035561028,3027.91608306086,1679.03856570126,910.090402309836,3317.05476766224,2886.58044108708,1827.59534276839,2597.70306449326,3351.95065552929,1413.66361063311,2578.35302441404,3303.17019403175,2989.09898557556,1060.10961628302,3930.62818170143,1883.92435738328,2562.07290643681,5021.88029785322,1167.2175897041,998.160562614279,1372.93574442527,1655.09492312324,2004.05895707559,1618.99552724444,2646.70017729495,2398.9797523194,2771.47002201195,2601.10792683019,2734.68269324961,2839.74590453605,3807.55087063143,1535.69998871706
2017-07-17,198,"Daytime",59.71057,759.853478832889,2836.01191911926,1554.09384435271,818.183540748922,2900.62582186943,2697.83624346662,1621.3389303877,2435.17945668264,1938.60012937872,1304.33655230692,2358.93057116737,3108.43285620796,2708.04015001161,954.253341757434,3480.38035242068,1763.09159473901,2180.20944652169,4772.80919514247,1072.99793727061,913.626626967735,1193.381561881,1466.23678204641,1716.63989736144,1413.9128454736,2617.58989169903,2119.34857935843,2619.71760572107,2375.38609574461,2520.76079212605,2637.87233265781,3514.76834148827,1271.73455222714
2017-07-18,199,"Daytime",36.108833,540.277109191502,2130.75289808262,1147.73309054499,649.624143205733,2264.39620702982,2118.93958290918,1301.06757172971,1789.69742101336,2029.96111736397,973.941310511203,1923.23142837147,2340.16584519879,1868.18267084748,688.88445794387,2957.48561359618,1268.65447140701,1837.87692007972,3435.36702454826,808.248911123329,673.974405517756,985.194379894663,1188.96165468914,1513.27070951265,1223.27633477632,1898.25109628853,1624.63210831401,1886.50029790574,1749.98627653536,1920.56327817497,1926.75241027014,2793.55838081026,1066.11555443839
2017-07-19,200,"Daytime",68.39067,836.628285998479,3206.94462477718,1729.46390252607,884.480441390119,3177.87857818777,2969.98543175816,1711.98650506816,2744.95329109233,2629.76730497719,1382.83110231419,2529.52441769597,3455.22732808096,2895.10762364923,1041.20642366824,3567.37614396262,1948.66145148737,2289.61098984144,5164.2794919272,1068.19382624706,891.433626244493,1249.70793645419,1506.09963844084,1750.1751426932,1436.37946444513,2715.06561638035,2241.71518127383,2732.65573326177,2476.65366022329,2693.41342147298,2774.66297869782,3661.89759266543,1356.36360001237
2017-07-20,201,"Daytime",55.10417,797.803088113038,3019.93864775217,1649.08497872376,871.998537025491,2959.89615995857,2856.64359365431,1667.44765282714,2480.30939170516,2489.19881190272,1273.16597668627,2402.06256923334,3176.05384736416,2428.60948859402,957.704387508002,3358.29178178991,1772.79308215686,2093.92042377439,4558.41420996437,978.939915596644,859.015228660673,1213.27452819582,1450.53735951146,1634.45569838056,1355.93608842126,2650.59346924617,2084.14296385333,2498.53030526588,2419.43062668512,2578.31930122255,2640.55039702982,3373.15886880589,1292.18731251732
2017-07-21,202,"Daytime",28.12872,442.859595551812,1816.84806747234,922.632238839144,540.782192817626,1826.94693461108,1709.43065291841,1048.69035061372,1366.30300211579,1618.95498536278,726.623242840052,1485.93666629108,1859.17649884199,1270.61518584107,574.721091941079,2326.48222622317,961.088590077004,1253.50573633864,2591.10181209605,554.818103275793,479.655298135692,769.162997258542,932.545866834914,1116.74867647347,904.512119048564,1666.46854991912,1292.00730102821,1528.48266786844,1505.35446410271,1648.77680821698,1677.6866327465,2098.02553293385,852.442432644222
2017-07-22,203,"Daytime",44.63195,570.351169346798,2376.55473812884,1148.24225917121,695.71837377355,2378.4489395683,2117.90008063506,1340.10275247202,1759.81997442062,1854.45857073384,994.543760346109,1813.08360418897,2319.75399109126,1982.35659677201,711.469688686673,2484.7119424172,1283.07620596936,1562.4503979194,2922.01136004279,662.640813872925,577.5340706616,903.556256810853,1099.90354995907,1401.83700043192,1130.9414210074,1828.24498710885,1569.57802385606,1774.25226302117,1602.79904567001,1863.30539558628,1892.39089396234,2360.07701005356,1091.5391658743
2017-07-23,204,"Daytime",54.9087,690.176177832355,2693.39299522464,1380.12468552488,778.629474078799,2661.49130643345,2498.20733337838,1540.15998785777,2129.48887665866,2030.0138608925,1169.97159404824,2151.7239244942,2859.36552118104,2238.21466398377,864.034291538371,2753.70437552412,1547.73885292162,1780.56885853526,3648.50715669759,792.363084964705,684.655745709203,1062.58169086352,1290.24558463034,1525.47090855584,1255.26729567615,2145.42355310338,1791.21223248317,2060.75063804,1961.36244712091,2165.92732514125,2188.53874968058,2805.81247674001,1278.79461255917
2017-07-24,205,"Daytime",55.13604,715.246320352145,2711.02226149302,1473.34659026854,797.860559860519,2744.32510541397,2471.98662368875,1557.58873802129,2292.17408168322,2091.2643786006,1178.35182740048,2232.50740237408,2930.36234567199,2334.93782307273,911.107128562264,2805.83720688226,1662.06156675737,1888.34067987716,3997.22376463626,839.324372173264,731.884223802672,1087.3065658736,1319.26172573312,1522.54894697588,1216.48399177974,2232.74830073364,1884.37796759999,2135.93870815343,2041.19060790629,2269.58193934359,2272.94964493001,2965.12671731412,1292.61651422517
2017-07-25,206,"Daytime",74.23101,746.303465167476,2899.83836934717,1579.30208603425,805.70447238442,2961.49711990457,2491.6325485641,1638.22657530288,2449.99237268772,2195.77995112572,1255.12591698371,2515.05227270984,3190.45614828528,2433.86516110019,934.359214032021,2754.63515273304,1845.19854686035,1834.74166488275,4446.91327205777,894.168543928092,813.474887257684,1132.84884108232,1364.2690055091,1551.96600459921,1207.1492892438,2435.27752035677,2003.68449449335,2387.09673393098,2503.1049776177,2492.09746273543,2493.63793071645,3269.22441165746,1370.7561534148
2017-07-26,207,"Daytime",46.60088,585.556303547188,2231.41403633521,1269.48156905896,753.827144093842,2366.145316271,2133.91957426761,1506.62155451296,1814.53941081193,2060.42829545406,1088.29294504057,2105.95655298687,2613.5578492526,1745.77131007658,791.939032571145,2914.25936128243,1484.71623121441,1787.41919066316,3436.16041993122,790.506076151513,679.215837345408,1085.26105276402,1263.89035356317,1525.99072877731,1184.00167489855,1847.38673595788,1695.45284876034,1868.13956814096,2003.06355160663,2105.14885176428,2067.52769850031,2797.83589349312,1293.09916626647
2017-07-27,208,"Daytime",28.419154,478.127891317561,1930.99397615518,1089.21719284724,655.555028555757,1894.82656269467,2021.8326430563,1274.52047452615,1385.3336257408,1554.2427975132,834.454962806058,1391.11518572966,2030.85596216391,1275.3777232143,575.04120806081,NA,1136.45223385323,1346.33178327186,2582.85012640115,587.427165516557,538.832154898119,816.173512114937,952.102366948526,1252.32196211505,964.483833715196,1423.61369513086,1248.31142867415,1514.6167461234,1625.73237823503,1677.48294039112,1640.78189372017,2270.73749164087,1023.48527137005
2017-07-28,209,"Daytime",11.368011,135.765487173155,855.145318031038,455.925082547037,280.637747553053,817.761464709603,943.477104210528,545.885168599404,615.642298188392,739.886402409068,361.108448942493,660.725942215289,910.327526731295,544.442312204851,217.915519180153,899.336752568596,503.360319948781,555.797612187816,1135.52338929624,285.459132530855,261.772705070291,357.620830990058,433.667084287114,643.04870796663,463.985895708831,660.534838820713,526.821138021713,581.000374050601,610.418807713254,684.865055002506,635.976477553664,1051.61195442788,412.927387408069
2017-07-29,210,"Daytime",24.870995,317.78929494969,1478.06984065369,723.417511922049,522.997754875075,1703.20269173617,1511.64651137792,1047.58832398968,1134.98447129834,1676.97525408641,684.638358292521,1357.69697452752,1730.04951404818,1113.97674762763,538.350093557352,2029.44326149707,949.936160684042,1579.24864437556,2336.80078407044,547.494656346938,482.408424922067,876.59200661876,970.837412843693,1559.87106071931,1110.55602529235,1174.91865909674,1311.16159415062,1260.14297057769,1265.47237232857,1478.84693592088,1365.9805540303,2009.83076032162,1098.3718831341
2017-07-30,211,"Daytime",78.89036,830.309698554715,3072.03004778925,1677.40251720376,1023.692449246,3153.76278038785,2946.16617525181,1943.79430593926,2406.65649980307,2519.50738878579,1320.84255060178,2651.10398123373,3324.88838519413,2228.15201835826,1047.73487018405,2515.46763775694,1931.08971820988,2121.30688872435,4733.97822020564,950.674770591253,880.958528986584,1255.48978519681,1494.62008788154,1802.86051483998,1390.42229974697,2221.50368194395,2104.70611160109,2346.19876128929,3150.04195469136,2521.02891405727,2493.49704389935,3345.53894271175,1465.81914157863
2017-07-31,212,"Daytime",76.663292,740.681742302852,3193.33495511708,1799.31763843097,956.519540082744,3129.3972406166,3023.73717683204,1766.50242383695,2672.88815161175,2134.88900250418,1292.87455168478,2659.02507826638,3405.43094828405,2575.21559236303,995.62961480981,1895.90908850732,2133.50119217315,1665.71786348145,5132.83294903871,1014.63430139274,898.379334357166,1138.56055499943,1402.90854709584,1471.51685193922,1229.86434305421,2609.88867970079,1930.81031746314,2820.07288009953,2887.92408935,2576.92101698794,2973.30764138414,3743.00274120433,1468.21041459269
