"Date","DOY","Interval","VPD","HCOS1","HCON1","HCON2","HCIS9","HCON3","HCOS4","HCON5","HCOS6","HCON6","HCOS7","HCON8","HCOS8","HCIN8","HCON9","HCOS2","HCON4","LOON10","LOOS10","LOIN10","LOIS10","LOON11","LOOS11","LOON17","LOOS17","LOON15","LOOS15","LOON14","LOOS14","LOON12","LOOS12","LOON16","LOON13"
2017-06-01,152,"24hr",74.981027,1555.10067586525,2228.40189719024,1510.7278292373,966.188091783018,681.095037987847,1259.49116433574,1486.6854696149,2368.62153503388,929.329818550291,917.085233820193,1779.58607941051,1328.27530697881,662.698384902851,2870.04287524074,1991.65801140846,1398.75998414141,NA,2263.47256232724,2122.06549010901,889.505864713686,2522.78243603864,4777.74790749014,2020.88182506119,3949.79197881354,2971.59828686475,1519.72676456465,3351.18402613384,2440.70176550569,7153.52606189876,1076.97038030136,1839.195208269,3317.38273343519
2017-06-02,153,"24hr",91.6940487,1734.92825516708,2569.16014090589,1790.50365348999,1015.23327964577,792.885721368931,1394.1386262145,1733.91246388552,2708.75254842519,1013.39254881607,1115.52102817029,2184.17229784604,1532.91541564856,775.248176985262,3348.47228105352,2236.67623484361,1617.08194271228,NA,2617.24570945582,2459.92572549182,989.045245162982,2726.35723826433,5236.96008473424,2249.33065234057,4420.10258453662,4558.60275666548,2016.29166350048,3622.16312016469,2737.71568533033,7819.79483420365,1206.53404751178,2011.91299448098,3760.08894500991
2017-06-03,154,"24hr",94.087924,1820.78967600868,2895.62846858947,1965.31450272577,1088.83782533741,832.286172044958,1444.34422507014,1911.93630171504,2969.96813531511,1000.29831398078,1150.35214733595,2422.95140145739,1584.43631754285,797.734759041994,3690.90486837961,2530.50538154489,1671.4327979939,NA,2744.19525543551,NA,979.568084418951,2965.59561344546,5639.69050932557,2393.42554398751,4974.22476403841,4114.70680617013,2108.72461555658,3902.24089742179,2999.90046110787,7895.18421147884,1073.07094188694,2276.3789582918,4017.07128377849
2017-06-04,155,"24hr",45.978394,1308.34625543315,1954.8341572361,1333.32813070849,903.91697851425,638.651862606484,1068.24961391629,1251.06851565255,2203.40230756386,768.881929710163,882.123213008365,1559.22413767349,1215.42858408987,505.561448991913,2699.09583378523,1776.21313535642,1239.3122026138,NA,2002.26960319115,NA,746.072963278099,2189.9688566942,4221.05595017981,1675.0131026329,NA,3350.43699272512,1735.01561035524,2796.01770174623,2192.56005199955,5938.49977394733,853.572360605392,1584.66865215532,3044.66984307512
2017-06-05,156,"24hr",9.191109,288.842635451893,366.71208202156,299.585779308287,315.817471538969,142.025981235512,378.939121819345,254.472626671701,491.204018249476,224.327979906925,238.603772369517,322.811506882899,343.763973625097,157.175209546023,668.247066284895,328.302805805718,407.304561194882,NA,643.202537769689,NA,366.809455303625,642.14859931191,1194.4714843104,383.951978927465,NA,822.112287562597,584.0194677923,716.605873675838,545.29251841604,1051.09989794643,512.020350010248,485.154768122947,913.185276962187
2017-06-06,157,"24hr",85.80676,1441.09439024679,1920.73141868355,1397.95565956911,1045.88204045799,654.219791668075,1228.71062537195,1292.84038272162,2078.98135836033,870.544188488663,901.949733983258,1646.53518039389,1306.45483426459,549.872576246858,2513.67801839213,1795.34720397795,1337.2238042468,NA,2320.67911260036,NA,1039.33421113992,2292.51615876636,4219.59172112747,1865.85276317729,NA,3353.68680200822,1560.79016011227,3091.02819507595,2350.89826279015,5469.35870290784,1367.98894745373,1799.44328236813,3235.43224703999
2017-06-07,158,"24hr",70.79616,1432.68413571301,1897.05832937948,1398.57855710037,1147.0063714433,713.278190679941,1304.07811050964,1324.31218527245,2084.52382521511,951.559406222486,968.670974439568,1560.35034324018,1361.62068926641,556.054872355777,2574.67449133036,1688.2130495422,1437.6299368079,NA,2312.79581628194,NA,1200.00416725517,2282.5090734713,4279.99586660582,1881.72743341032,NA,3173.35685562975,1820.22728127344,3088.79031821257,2292.66955454723,4833.1961976299,1326.7641776972,1805.60078079164,3293.59080152025
2017-06-08,159,"24hr",47.517702,977.798922647537,1428.43746421235,1066.27365872105,806.69422261952,484.062306381132,1034.32834117589,970.183031952408,1511.67393595395,650.495702620976,672.834034538469,1121.83959448745,1048.52658271676,393.046339250325,1960.11599884116,1232.94862220029,1129.71460199676,NA,1774.50732386476,NA,1029.21552749497,1790.18518767105,3354.47525029045,1429.39447308447,NA,3733.5164418779,1532.00977184755,2286.30708171461,1760.122355194,3329.10199432645,1184.44255220425,1329.30271298062,2693.22226761507
2017-06-09,160,"24hr",69.37009,1652.85495644761,2401.06468317236,1680.33196683477,1152.65807040719,837.161197446174,1401.41449726162,1617.34703525918,2485.20501434566,987.720925011621,1134.06760946232,1948.91194624482,1515.55231943997,642.202650455592,2965.38661596421,2154.39108888157,1557.95430773771,NA,2633.69704977877,NA,931.8383023066,2701.82383825239,5402.16395262956,2181.57541853032,NA,4241.98675383348,2030.42727393411,3467.22153674255,2831.59671684401,6520.16138417217,1311.24351992843,1957.0476393729,3688.95887708521
2017-06-10,161,"24hr",81.957761,1854.35927851895,2704.99076876975,1867.94307586906,1124.81921068328,892.035635314118,1396.27740849135,1784.65446090348,2879.93268074824,968.785224947288,1137.5336878358,2279.13247518835,1556.48555848228,366.490961893027,3264.75457634368,2541.19088611749,1594.76003441203,1922.65388756355,2863.70521589997,2653.18464816088,768.814077126596,3278.93501260384,6333.35754349417,2466.03877759019,5197.42106745245,6429.81122550159,2102.69534690276,4154.18402634444,3351.14882430425,10266.6864330937,1085.76609763944,2161.25907292484,4076.82221566864
2017-06-11,162,"24hr",75.418582,1683.80157403289,2366.59192075722,1648.62447289079,1120.58065880429,797.208270272266,1318.85748912707,1536.29279554414,2580.47753517188,879.087131022309,1108.09734725434,2066.13441205373,1496.83641858182,784.499164072861,2764.98284380382,2187.47265599615,1515.0078677482,1784.79842418422,2635.72665737788,4982.55132889757,780.288075296742,2989.9262789948,5658.00356233729,2232.86250407639,4676.01774296411,4448.48593511518,1907.58368166663,3806.0711536662,3041.68128928157,8324.42333421889,1105.03175046918,2009.71809100966,3820.42617058692
2017-06-12,163,"24hr",53.802174,1428.41756323801,1873.42004407361,1347.64982420285,992.354615422401,664.868143848424,1166.53281663258,1193.3524254149,2122.46549212896,808.210480950559,1009.23712238418,1681.31745194522,1260.69978618593,635.40410365272,2102.36483852864,1740.04380590556,1351.0249333608,1613.72281738054,2324.39192721672,2779.16660132935,699.359623327207,2564.81802987284,5004.08210403639,1845.40667730267,NA,3636.33272027514,1801.89969414645,3127.72508239689,2539.58752947922,5780.99471848026,1159.46084573068,1766.2867719536,3295.18999320889
2017-06-13,164,"24hr",41.443446,1102.29176046948,1376.87156564066,969.150541717909,806.50253449119,520.386494993928,938.396087384536,890.407778961158,1608.95044411333,676.455333408773,826.261929193847,1215.23717652924,1057.56180623482,1233.35447463991,1625.75942238173,1228.01319751232,1144.75600495661,1442.2240185489,1862.69767715231,1446.86742467328,769.030707166762,1933.87468796428,3830.66010298869,1425.2990534599,NA,2427.88336950088,1531.59427056768,2348.47199031105,1854.12829216842,4104.96569979718,1144.29134801497,1319.91224103699,2622.31174425409
2017-06-14,165,"24hr",60.250442,1564.1569967324,2135.27212553195,1555.61143360136,981.053179523659,712.451586076167,1240.25443483037,1423.9314228769,2276.05496751158,901.900120905657,1017.70071424596,1777.49796662277,1372.46576370034,1307.3848637416,2278.85850203252,1909.39320844519,1402.88265141787,1696.05872211323,2469.64679723376,2133.22718718636,849.80049157723,2806.84664519026,5203.09372892961,2040.24858898591,3364.30498512979,3560.40692940223,1700.81581265956,3344.89589379661,2632.52319038277,6996.05920872569,1110.88673560725,1873.71928190346,3534.55725726122
2017-06-15,166,"24hr",30.926736,1068.99664837123,1381.07391192097,1060.79531690683,808.863503572441,522.021031350309,910.251090276382,988.368644171675,1616.67109734646,649.860408907749,724.003198643099,1200.10233324366,958.185777415415,357.857955948772,1579.2769940291,1301.74790523779,1062.16061193702,1290.63173062343,1802.40637380579,1379.9913185669,684.41206131058,2050.35394997455,3802.07068059869,1464.34101545002,NA,2822.14985534054,1444.44777983272,2366.93729204609,1925.83367137878,4740.84112319886,959.31741357733,1288.2748047787,2656.65591302237
2017-06-16,167,"24hr",22.690349,751.345175385691,874.86079814347,753.713834866291,725.29739547952,398.825373082748,657.981511336115,688.892952394611,1146.16149273988,523.628662809882,533.295613613594,766.743831587274,625.050323878527,260.165030292751,1203.46158786217,805.520974646335,697.417241295369,940.444832034324,1363.50869120697,1025.72826446868,585.298228766216,1529.67995146053,2936.90162244896,1137.38797600062,1556.47598446017,2509.53794417511,1553.58713639673,1759.02278855273,NA,3282.74852263988,927.961948780351,984.546756693667,1672.789571695
2017-06-17,168,"24hr",33.40415,1027.08008804898,1363.53584417052,1051.68784279715,911.0671497069,622.994255241806,962.761402221462,977.665931788564,1351.06309853333,759.159338942878,779.846194032412,1149.50259205402,901.080658768626,397.796392518201,2141.87649118246,1251.00307859454,947.141807536175,1088.12306025738,1824.94584125701,1363.00907346702,726.253927883051,2062.45464948611,3380.68187569842,1517.07487173178,2475.11983328804,2448.03790326761,1321.77789246096,2470.56899240054,1741.71706205826,3902.86783336014,896.1265854715,1395.93792577393,2144.29925301488
2017-06-18,169,"24hr",52.76459,1397.8599548794,1824.52205016406,1408.44219154243,1021.59943720084,647.058213232172,1235.96637645205,1264.98693438282,1904.59755551237,977.543699710304,927.307681963052,1542.717652697,1214.64986910458,419.220171767003,2489.64829675163,1735.62604031627,1311.80787405646,1594.08837015781,2209.8159012545,1621.76419015455,967.827826413518,2343.04310426156,3237.62929140913,1727.29927188288,3170.73993125027,3161.95500356495,1114.47116021487,2942.68565208808,1916.30441129807,4903.83604924487,879.030475049461,1673.43063027428,2696.20859830196
2017-06-19,170,"24hr",26.73588,874.435843192463,1191.55993366123,1126.28266918988,728.723638689566,452.491175519869,884.352711666401,852.712985258557,1318.78871509003,660.952653962382,626.1767262239,1007.20104500196,844.472925611291,558.418534860972,1501.80370459072,1146.63229898457,949.479336031818,1290.2730955033,1590.34192584001,1096.28188581559,744.923409213839,1605.39447276621,2298.0159967214,1191.03126319771,1870.24167391072,2139.44948022523,929.485125743262,1973.34071141301,1353.17916353714,2947.05764924347,812.868284282915,1160.77571700373,1881.74503598813
2017-06-20,171,"24hr",34.452077,1070.13891607009,1382.35377649384,1094.82073998593,895.711266014924,537.190110395039,1097.49432838435,954.832902479118,1542.58577515293,794.911665947071,753.599498451778,1202.78276520348,1013.80818774863,408.723599269809,1913.74956346847,1276.13061146454,1193.25431922448,1299.87124086817,1885.5128775527,1273.18898527916,866.161612583754,1828.29477629557,2707.66237232231,1367.8334248817,2033.13653745764,2531.76237790172,1030.81165830296,2294.83056282953,1574.38003478593,3067.83760006407,1137.92815829298,1399.86918477091,2235.31582242552
2017-06-21,172,"24hr",47.18107,1503.9342924145,1866.30490806573,1426.80686867937,1097.59707690453,752.479552874089,1334.27605415144,1306.14974481679,2076.44581786022,1091.46642591149,1058.01398508627,1569.8617546078,1298.78510868523,379.378937773131,2393.59406900115,1744.32891006195,1517.45035585176,1696.10455096348,2499.71292678926,NA,1033.82817227076,2437.83804890491,3567.70278929416,1823.47895820801,3225.13922485818,3901.19116720498,1268.15351427583,2984.44773642843,2172.99219878631,4729.95118921247,1318.03225912764,1799.45505929742,2897.29264586667
2017-06-22,173,"24hr",34.993596,1069.71458116248,1387.83321622295,1070.30202192305,842.355551166495,555.609812524622,1035.72070449376,983.367186723249,1568.41316115268,795.736530057209,741.245708098603,1182.18729442654,950.989310539382,426.619035365978,1774.32106635566,1342.02503642947,1187.35873182577,1277.47721194782,1919.50057875672,NA,829.982628122895,1885.77251216579,2649.7411544649,1368.20405978438,2411.92330743429,2716.45534981291,1036.40697459499,2315.89662348634,1664.65152201149,3637.79487148978,1022.00767373266,1400.62422955968,2286.57062352636
2017-06-23,174,"24hr",53.84805,1327.0504912322,1720.52256986706,1288.85857626945,1010.7036572554,696.832611104175,1292.84766161296,1211.5765708852,1977.64220910486,915.349285510342,945.276008412949,1566.10964794118,1237.579896258,461.778606252588,2119.44988526403,1571.14656659004,1488.40078526093,1530.14784438679,2276.35422426395,NA,991.201546942883,2012.05659588508,2972.32159853342,1802.0283939423,2829.37513926695,2688.37514080012,1486.14043443024,2696.55331706017,1814.6053052798,4476.11256058239,1795.57768941993,1608.42933998946,2825.19500395678
2017-06-24,175,"24hr",69.6352737,1706.42370920124,2278.16586056529,1684.94903521697,1233.02904492651,824.056050966951,1503.55685749292,1575.58134060384,2493.90012288078,1155.12990659183,1068.43089419456,1917.9711120094,1549.20217188472,527.607911830621,2830.0104777719,2031.30804528329,1756.67609177318,1823.96240301273,2848.67419101332,NA,1080.1682573014,2833.70906558482,3669.45270431023,2336.20916901119,3902.05870350486,3612.65229191174,1570.01237258341,3635.80719297867,2422.81370101391,6460.91582290813,1345.30350935063,2016.55345468657,3521.61263204223
2017-06-25,176,"24hr",51.4609753,1502.08661989795,2124.59083449833,1592.71042988208,1061.60303031186,773.873031517972,1380.89961081116,1468.89294884981,2237.28072763869,1032.65362721059,998.525285272288,1792.98820107832,1436.45368816127,713.015338754985,2313.23489870588,1858.62569109465,1553.52473986996,1644.99386007534,2559.80434190965,3571.20434564862,922.138202157646,2470.3673661966,3352.69287009475,2089.57359278296,3193.08617020534,3630.68182594193,1428.11218278741,3116.39250161523,2178.7432412355,4800.5619131706,1121.33542581313,1783.23449608384,3025.4440983199
2017-06-26,177,"24hr",72.654897,2007.43158559063,3024.82838390151,2189.28250892516,1202.92402457153,1048.75725203882,1631.99766159696,2039.76354237641,3048.93284643658,1370.85781889779,1262.33849809935,2413.09803678661,1742.76194773675,808.848372230253,3000.84953999002,2609.46623239055,1861.89703120845,1917.31989137906,3247.31106671597,4016.6232286256,946.312462894185,3105.10461885879,4143.38748372905,2747.0627957461,4669.09517617892,4996.79307719239,1659.59799276154,4030.28535451388,2766.84328543141,7452.99413978613,1167.81612413926,2222.86807022249,3698.7530922247
2017-06-27,178,"24hr",52.3175498,1595.46810635734,2311.53917695507,1765.12645387783,987.085816039577,811.92231847429,1433.85265232068,1564.38707559306,2412.26853334089,1149.45527708417,1072.74213497635,1920.62681194886,1455.69900765392,930.014768808688,2373.9836247164,1995.38712204354,1618.64681209155,1708.45278476188,2819.00503307676,2425.87136433314,952.258731166147,2536.39911979513,3387.52216306799,2239.16825485339,3284.32771574513,3995.16776298467,1391.63418211486,3245.04583278567,2278.29277578537,5171.22137387623,1110.98252518513,1854.26361324159,3183.21307511273
2017-06-28,179,"24hr",63.1266204,1865.33438118797,2798.37113378366,2052.82626277175,1020.23084071338,946.460996841483,1507.40510622526,1886.27707518884,2852.00113842813,1249.45955866485,1178.82651898755,2207.21552748095,1547.91633048618,1642.03755664508,2709.48721632802,2474.70777538103,1725.45387027286,1794.15639960787,3239.6494506361,2834.51199032133,882.369396774529,3049.52618106411,3998.71671802444,2617.6407997866,4464.70415462979,4491.27520645667,1653.77750877128,3913.41155933177,2687.85915089994,7763.39376117822,1042.55256434921,2150.11549469109,3552.23408004273
2017-06-29,180,"24hr",65.37396,1895.09291845186,2738.54129506382,1931.10744786717,1045.85904743206,942.459653391205,1440.30127760433,1845.068750016,2761.61458023597,1212.99224803473,1233.09372676175,2148.90116310708,1532.10809975419,1821.93731555712,2658.72752211213,2351.69079463302,1654.88131641494,1773.21790500741,3185.73618860163,3115.08678635933,901.778951821354,3085.99657107754,4290.38544116434,2488.11256374367,4677.85748419558,4627.6267626432,1800.06313205896,4057.93172916492,2971.75657076555,8171.80695383207,1111.96274523981,2119.41884333305,3396.35251621882
2017-06-30,181,"24hr",40.5066966,1166.67734344971,1599.37800342691,1188.5296747765,837.611073723274,605.723420866562,1064.21798405101,1110.04038001574,1698.20769497938,856.483688677176,865.329659954178,1278.89270961958,1095.64398680576,665.888505474637,1893.79415224067,1343.95143836888,1219.48569109279,1390.35784405062,2154.72541603582,NA,870.970103351629,2051.38056441102,3043.68614231594,1542.32644979302,2462.74265083516,2802.25646413734,1349.45785063452,2477.68548568361,1852.74174222263,3893.40811024989,1154.09134026622,1493.97764030132,2366.99098782925
2017-06-01,152,"Night",1.772267,13.2065589495145,18.7612639834192,17.0378552693523,12.7088930593928,2.08483435122157,21.7126163630521,13.3227599247828,23.4268016636288,7.19236076511481,6.26475573571664,17.2636078855683,24.5828472008449,8.48827241819996,65.7165052720654,14.1801894570471,25.4233842002254,NA,21.7852021975018,44.8236570660217,38.7781782301353,57.2482571175576,49.995132464456,28.020033489427,55.7775138868855,68.6712856482742,32.215764134793,52.9967054332093,31.9416551890908,89.2325095721307,6.29518574821702,26.9424397962945,79.935061732504
2017-06-02,153,"Night",2.596233,9.8100235159493,9.62501247948394,10.5604590383105,4.57984251399154,0.813436889921633,21.4046741579618,10.7318181387878,13.4107552747276,7.53993995835845,10.0936983759646,16.8895857503059,25.2455871933581,10.5756882400871,46.469176476427,7.49069842853907,29.5254762373703,NA,22.4317303017286,35.0032983809314,68.6006286683274,44.3271571951708,49.6699198874739,15.9015838530824,43.7919874806446,264.416734809991,49.5404808591041,46.0619250439697,26.9230005632804,76.2017350346058,15.6134012786805,20.4326903088519,91.4545322288383
2017-06-03,154,"Night",2.595164,15.2417318774458,15.1235223007834,12.8619706911591,26.5881196844569,1.71726235055323,30.100842476377,15.9707348662898,19.5618420526123,12.8321117045221,16.5900930114914,21.0647399207078,33.5817644638907,7.08321628354345,62.0092682381729,11.6710465407676,41.3995106793198,NA,28.5986377318793,NA,99.7681300648245,56.860942442582,57.5100627059414,20.5156283259488,58.004621948415,96.8097585508361,64.6140784107591,59.3500513706438,36.1509450962392,77.4365414536183,18.7623230989295,30.4041237038674,118.56674910582
2017-06-04,155,"Night",-2.22e-16,6.69162624492843,1.11091099491575,6.8536349545336,16.9498994649221,13.0629242836219,15.3527495593495,0.453728097519451,36.1158423760363,24.4303289282264,31.1219392231439,12.5717230007967,44.0084101046841,8.44170288313111,20.3085694804519,0,29.3398602133741,NA,18.2504183500612,NA,61.761437775459,9.068092646612,32.83171349114,3.10657755656164,NA,4.64664166268078,45.5276093569659,9.79747354442759,2.59150715363013,9.57485754441988,35.1869013202496,4.61675422383232,65.5679089377372
2017-06-05,156,"Night",0,4.59275446292696,8.40318186081901,3.62862523377137,9.42058989424823,10.4681829863372,15.1806614502454,2.12191984295847,14.8747829658466,14.9307740352422,26.2798337527948,8.16028154343972,24.2972266047199,8.69007832219739,16.2950622755842,0.274957454662607,22.3069714215719,NA,18.3003895300745,NA,6.98968375795542,3.3128841925688,13.4623838560239,1.18189764060799,NA,5.51072230972651,24.5841368829485,2.18169098154502,0.552394666472787,13.3953387685495,32.5069477055764,4.5670483192462,40.9158517408399
2017-06-06,157,"Night",16.9442,35.2964576435992,36.7759344935522,32.6180257331726,51.6238020732787,4.51482671731102,37.4492609234435,19.7636205817772,43.5424654267344,14.4391051083666,18.5128786107732,29.5806489122408,57.5521687975089,4.0181053738536,102.911114275552,28.4514164250467,41.9706204579022,NA,48.951529179639,NA,90.5789339214112,92.3681838088896,85.7370830876829,70.2604997195148,NA,260.730242994713,66.8327963274155,116.619804995056,57.7965857825777,246.595720425735,54.9456132026959,61.2155439434735,190.201417827475
2017-06-07,158,"Night",12.529351,4.08447740441512,2.90349421261382,4.32541498886198,34.355695483766,0.293986836459106,15.3905873142962,2.38004990241296,5.01504422052436,2.809268473979,2.73053867773427,1.2927425853846,18.2116608435367,1.529588123032,38.7014635239375,4.9465455827962,11.8896526680065,NA,9.61664883942966,NA,90.7799279833557,37.5330699016843,13.8683305543595,11.7329410788787,NA,181.150865780557,26.9017013307164,55.8028880687491,11.8374580353002,125.908954712567,1.20924548031979,17.2764099554054,102.095117000398
2017-06-08,159,"Night",10.389718,12.1365233954399,33.4419740234604,17.8224930546924,22.6722389946002,4.37038285934741,24.0274510361907,17.3804676549229,19.1126614361371,6.0925876313629,7.19663341335304,10.9143464871517,40.7094444975702,3.59193365247054,64.1578900199142,20.8119117078857,22.0817645037322,NA,18.2945766070765,NA,72.5443356376144,62.8655429236097,39.1862972744536,27.3259254844924,NA,343.677926857026,45.1165301244542,107.734813224732,37.9666016082621,244.493689150656,3.68591397895244,19.9030005525078,140.189954933596
2017-06-09,160,"Night",1.76662,16.3469813870067,19.2412384993313,13.7491915458443,40.7586112465023,8.69277960994684,28.4559000957098,14.2233351667281,17.3806101164501,13.7919768042157,20.1228699182685,15.9204314096443,32.4443804921202,32.6721684421824,78.3843706999359,15.7135086667462,31.1252644863916,NA,31.9048217826037,NA,49.0426944798319,61.3773103504687,77.077908497826,26.238549136412,NA,222.207457997108,54.1637989613002,61.0258905489212,38.602582048808,107.456445457283,14.4136739594339,28.0222704274694,100.114060826286
2017-06-10,161,"Night",1.791901,16.9989747175276,13.0684542878721,12.4815181881122,43.0288328276095,4.46251816912,27.4690978338944,11.9104825700787,23.0066268939381,8.33244521740683,18.7583588911917,22.3682283994462,32.5920017348387,6.27340470333403,99.4456238382177,16.4132342722337,32.0587591731307,44.4455204290479,33.9711011954631,49.171352177433,45.9737961064794,84.5024065198683,89.200257572926,35.1891387007592,53.3397640767802,401.989892047163,44.7400249988646,78.7912109694891,48.9279241550722,194.440002210286,3.52204266155743,32.0680069476462,124.396802639928
2017-06-11,162,"Night",2.506282,24.8678458150953,21.4248049609892,17.7867175005921,41.4051558907843,3.98741008546241,29.6116623043698,13.6590452402726,30.1030903800455,8.80489356959751,19.9393643089613,30.1745955636327,38.8937781776848,11.3915290702273,115.18255749986,23.8227828274352,37.3834122729983,52.3509525558405,40.5036643302494,546.935640974622,29.055136188611,89.994939916065,96.0283923063918,40.919958387411,75.9631604132246,329.396522430252,54.4019070196968,86.4026868694586,56.4643865807501,200.105811720016,9.89937162495662,41.3411813095231,135.992819235621
2017-06-12,163,"Night",0.784813999999999,17.874451035259,11.3593843216611,11.0489863197479,27.8258787722508,6.50685708999579,16.9135812756843,8.46526952973789,19.8946263776051,9.14301157038314,17.4829381302229,22.0682410837057,18.3179458722175,7.47130361918577,46.5114575870499,21.4522489831325,25.7573201792463,35.8792124038511,28.7466416719301,304.270320420904,5.51519058080705,61.6374897823181,76.6797902198196,28.5638155725871,NA,71.9442285533852,38.3544852317103,51.4935031654525,43.3260303722494,92.1161782156387,2.93018252854345,26.4565572406593,73.5349451619185
2017-06-13,164,"Night",0.048436,38.2792235454314,43.3370365520994,30.3241838786078,46.0818719762665,14.3265804047566,39.8165629302668,29.5123727494586,64.1485562879003,24.4147225368682,31.801187261073,46.6006915775871,63.5643009480737,188.530738943602,110.860902687095,28.988931468945,68.6252924285847,107.739704876409,65.3258525205772,71.7042621835977,43.7753749279847,94.6353206204252,124.332439146025,78.9181324804693,NA,96.00598143473,79.9581533245749,84.9011718665913,53.1829884440506,152.885938744661,55.8652485532184,47.9912123346631,172.533967477695
2017-06-14,165,"Night",2.946422,19.1371360488465,19.671776027378,19.0260696873282,20.8888899165319,1.73353153661928,29.1741715894971,13.6995245918507,35.1380585992403,11.9824386843574,14.1037409598093,24.1108592835609,40.8169965599733,431.567513564579,48.227264332491,15.6356376768602,38.9071156212376,62.3641471298839,42.5638615925068,60.563300455443,38.2360937912862,88.4653067928928,84.0128374351493,51.2822001336585,93.8517278783972,141.466010093525,55.2083482918445,82.2085887461885,53.7966101510468,209.676610507759,11.8094387098154,37.1059478447353,127.87545680586
2017-06-15,166,"Night",2.22e-16,0.86630903029808,0,1.10527335783268,20.4538867681747,2.56083368999477,9.93680319400127,0,7.29611757249866,12.4028977962211,22.4027968498731,6.60156857174485,12.1339664637841,0,5.34892545072663,0.327961186507075,22.0528479988245,26.5332460946549,13.926075774229,12.0886391908492,27.3071957401542,10.8466317614555,9.40770605158109,0.263572582753075,2.99661165172787,7.80297393405892,47.7537030091776,6.67503375547572,3.3356774301013,37.6602051785128,43.043626475577,5.65562691287351,44.2027371595645
2017-06-16,167,"Night",4.44e-16,12.5170819667182,6.68733074772447,14.7737062442631,45.5746569397193,15.5842369741203,15.0513719870371,10.8210922663818,39.5832168319803,21.0185746713257,20.8403036611694,11.2873478358106,9.37568510771468,2.44539457543336,53.8940735881205,13.5016852521011,25.1597002467833,30.8150146305416,45.8005878509931,31.1473146906789,23.4740280066308,49.2917356944245,73.4194780445799,34.0971345178321,26.9357417919023,178.057246240363,205.455199782284,53.789578449971,NA,201.441764586227,61.1573430621681,17.222760902579,37.9142180663081
2017-06-17,168,"Night",8.88e-16,12.4853565384684,13.173472765706,12.7621535866052,27.0143218902428,17.1020812847123,19.9914660083973,6.06432293589283,9.46403330557285,11.9614104644008,8.48849736006125,9.11275475351944,7.82368215983658,2.46590197709585,51.3103467101093,11.6612153756796,9.34679696131955,5.75366540239663,46.0581658358109,24.7601503923091,13.5114640874959,42.3617800686523,39.0599513227453,27.0776883664771,28.2693405357857,51.3135142201567,117.129273023734,40.2643551455205,36.0015045743755,78.6336253706379,40.0635673573972,18.4015190246008,19.3725542843564
2017-06-18,169,"Night",1.82839,53.7064988136983,75.4035141816676,51.5010434941367,64.3701361379295,7.80259370958901,49.5119173127031,44.4451116828881,59.4664889969541,26.0079219896049,24.161944820613,54.8097057167393,56.6567263037259,6.10320948475783,128.964260251703,80.7258035914014,64.0357153239561,98.4402522522667,64.6857608999945,87.5256717227831,69.0200651895799,98.6488051545193,86.316837257447,73.1599035232851,118.43879310531,192.624243639402,68.3346577226066,111.803445302806,76.4296842161789,212.844051568547,18.9630458690715,61.8911996144237,117.336777809009
2017-06-19,170,"Night",-1.332e-15,8.98901303567511,30.8580368900162,74.0919746161881,7.83998994033372,1.01608833805401,16.4967409871298,17.9318482187603,20.3317624927814,5.41792027824257,7.39167163810367,9.11272276583293,16.2364209342176,18.1785725403944,1.07566765479712,26.2963424121924,5.61651841862785,93.7414060286263,10.3572092756922,16.2822493991654,22.4181877603947,8.199051128894,9.45351027372531,16.3583105121951,17.9085735243459,21.2691655585022,35.429244224768,7.57069793911266,4.77663862146912,22.4268919154346,2.75244800278257,0.77381154764927,6.53626225920509
2017-06-20,171,"Night",2.664e-15,12.9597950629195,21.7418650949452,22.579681739893,19.949075630442,3.13713487782141,20.079513167656,11.4142212799827,24.6387004316299,7.2215656834802,4.3930656117464,11.8741938504683,12.9755860669767,17.6237155133763,35.3513239714831,16.5034450317196,19.7135483200663,22.9830971500464,24.3090926550059,29.6745335783421,21.9711271249958,36.4138539096612,29.125837815937,8.38012052492509,17.3061288449179,62.5578531510717,21.2222665758534,36.4020584803369,22.3556965032124,49.6117580152475,13.2375535409856,13.9998908272458,34.1189699337326
2017-06-21,172,"Night",0.547089,19.2576183269754,15.7018047829565,16.3852520574393,34.6099903915948,2.95471091845663,24.1006858463133,10.7705245032111,21.6931812781128,10.3893076901718,10.7500707175196,12.7042467294568,18.9532326355747,5.187617896964,75.2401153216646,25.4619109138817,33.2958704027435,27.8920029324609,29.1648773512895,NA,30.0224968085066,48.8297681239852,41.3464979854736,15.0983717884819,34.6835511992492,88.1932695151973,19.8274777645625,40.4795245919937,30.8212686752485,70.3392443956575,15.9703427843835,21.5674687997646,56.7851272536794
2017-06-22,173,"Night",0.0711260000000004,5.89569819123139,4.49668218979737,5.73542074894574,20.0077815605112,0.974047027992965,15.8522080231137,3.86207188439659,11.44254882185,6.14619057197446,8.03220189401948,8.59350331228478,11.7576876236828,11.4906480906513,34.4016051000293,11.2412375101264,21.1789603131842,15.3572242007318,16.2828205526236,NA,29.1001660706256,25.5926289322504,20.4673408714281,7.28573550809108,24.0559536894303,42.9959237923216,16.1285149229345,28.4627206909795,15.5739722357418,54.445305923695,17.9773729432333,13.2239160608975,42.5344529070755
2017-06-23,174,"Night",14.47539,174.971810979532,230.217373669616,156.037870464867,134.691770744186,48.1951501677203,162.490510422047,138.380600745473,246.469245997531,76.0227889800389,79.3765315302146,183.164965981839,163.38902958372,55.3944553082198,283.346264000143,197.128408249035,208.286244346258,154.123147912523,194.18411032035,NA,107.787875837373,201.980534741515,222.214365472715,249.232526666223,365.793054421867,365.79401625987,236.564715656704,265.749925320794,150.430641495085,674.275532444009,280.040121782429,172.679190625149,378.361650299689
2017-06-24,175,"Night",17.4199867,139.159351523402,197.905718458253,126.088811706175,125.313538825313,17.8892090279195,117.784033498725,101.601158741042,221.091338406115,42.5457492635705,27.8243670329607,141.908375085126,147.114797089617,25.0464395420637,307.291155977963,158.080965793296,168.565151752389,115.889286612883,134.03985642632,NA,97.847484437761,232.7385592564,176.406345226667,209.55540821928,357.66040520803,340.305513205075,152.289868690646,264.482797072956,123.2257715625,794.068859993711,154.13972012781,140.42899069388,409.358683510276
2017-06-25,176,"Night",2.0698053,30.7351614611372,37.6810255058376,27.9913525618228,56.760224958752,7.42879959736158,42.5369701084491,25.6710267611616,40.7640468098297,13.4425024341012,14.4253536760779,35.4559975209054,56.9400708401003,28.6057490831316,98.0531011962814,29.4289140996522,55.5281125926178,42.6038284535914,43.9323588765284,261.180712415568,47.9721617427411,68.3552368040025,68.1191030581524,30.8644394636461,42.6272537590243,150.371578499239,55.341870825256,72.0413116013274,40.1744519829762,119.823797357245,23.8955126672919,31.5174586944915,101.595205436116
2017-06-26,177,"Night",1.609117,27.1408373059701,30.6185709873936,27.7265682457269,48.6167834996464,5.00751046243187,42.8706617157958,26.7655671648422,39.2284300599294,25.8518919991577,12.8902652696935,31.7956135056485,45.6485373430302,28.6968654930765,79.6824773109534,35.847130180497,51.8119018310955,49.7924154653099,58.6058645944495,277.260168741623,53.1578001263402,78.9174021443287,62.4944850080517,45.4897270242871,72.8482340325087,153.152254198406,44.4158066423665,92.0167032780981,55.4649847718488,169.09134574943,11.6118623026503,37.6916082160743,121.889119601051
2017-06-27,178,"Night",1.3742488,15.3054439339151,24.2872417375548,21.9730716192443,20.5118074071698,5.57138375599788,25.3971119191963,17.6726619563525,26.2549338362024,16.9026378739407,9.14761027268214,24.2964484496014,24.2528657659063,43.6086692872016,41.203441801994,18.5861923586028,33.9695547274945,31.0269899249501,41.7473250612991,204.768623833537,36.2071637301527,51.8824805488091,42.7152638354213,22.4732450341583,32.212160734214,124.982788473909,26.247682910141,59.9339396733671,37.8341372278492,112.408744071436,9.66682502417357,23.6532372774049,87.0016535133938
2017-06-28,179,"Night",1.4529904,20.9083321974754,27.6082646244638,23.0755602860614,22.9319989771411,5.71020421366481,28.3720955207997,22.5452278729978,35.1613338156345,20.6393978320823,14.1333827622907,26.9265247970947,29.0966805148416,229.733788778502,60.0493727633687,26.9488526825619,37.699194914673,36.902249471049,52.691438203279,70.703668328991,40.2219049194847,73.5040971729269,69.8254405275249,39.4782680545497,56.661081329249,109.336230935449,48.5801488096315,85.3794071599894,45.8622209497925,172.81488265815,10.3405249897392,34.1860037179101,110.920677768497
2017-06-29,180,"Night",1.72933,36.3926224985122,41.4419320042192,32.5943012114747,30.8633266348063,7.48624579702865,39.9269339708673,29.9814193562614,42.0904986726319,23.4227888576408,26.2392897646827,36.3554988907202,39.2480649904529,496.173553979893,71.2517629057572,40.3158747580729,46.3590337623039,47.4849353614949,60.5241253638694,483.348365920379,36.7184353772976,83.5380766826512,88.5387338851825,55.0741141285417,74.6968853480763,104.482810565724,66.8989192870602,95.1410931903989,58.4782505167564,179.619443056456,27.1807281500119,44.1469228849986,112.648082497878
2017-06-30,181,"Night",4.0187,20.8041495737922,46.2269802887144,24.7561574107107,24.520303065984,8.47131873113399,21.8452283869178,30.6500678715698,37.2044748142416,13.2665703409735,11.5664570172921,20.518405102911,33.0807940300348,18.9227875969132,75.5925774543701,25.0327185598625,31.318073461097,40.4071680507545,42.975333166583,NA,33.6625203277145,58.7950819566423,68.1460500392807,51.4692934857604,80.1375248912666,121.899883160014,50.4142215462007,68.8089550188275,33.0793105828758,157.248419616695,30.1278304735967,33.4589967088478,82.3545660369396
2017-06-01,152,"Daytime",73.20876,1541.89411691574,2209.64063320682,1493.68997396795,953.479198723625,679.010203636626,1237.77854797268,1473.36270969012,2345.19473337025,922.137457785176,910.820478084476,1762.32247152494,1303.69245977797,654.210112484651,2804.32636996867,1977.47782195142,1373.33659994119,NA,2241.68736012974,2077.24183304299,850.727686483551,2465.53417892108,4727.75277502568,1992.86179157177,3894.01446492665,2902.92700121647,1487.51100042986,3298.18732070063,2408.7601103166,7064.29355232663,1070.67519455314,1812.25276847271,3237.44767170269
2017-06-02,153,"Daytime",89.0978157,1725.11823165113,2559.53512842641,1779.94319445168,1010.65343713178,792.072284479009,1372.73395205654,1723.18064574674,2695.34179315046,1005.85260885771,1105.42732979432,2167.28271209573,1507.6698284552,764.672488745175,3302.00310457709,2229.18553641507,1587.55646647491,NA,2594.81397915409,2424.92242711089,920.444616494654,2682.03008106916,5187.29016484676,2233.42906848749,4376.31059705597,4294.18602185549,1966.75118264137,3576.10119512072,2710.79268476705,7743.59309916904,1190.9206462331,1991.48030417212,3668.63441278107
2017-06-03,154,"Daytime",91.49276,1805.54794413123,2880.50494628869,1952.45253203461,1062.24970565296,830.568909694405,1414.24338259376,1895.96556684875,2950.40629326249,987.466202276259,1133.76205432446,2401.88666153668,1550.85455307896,790.651542758451,3628.89560014143,2518.83433500412,1630.03328731458,NA,2715.59661770363,NA,879.799954354126,2908.73467100288,5582.18044661963,2372.90991566156,4916.22014208999,4017.89704761929,2044.11053714582,3842.89084605115,2963.74951601163,7817.74767002522,1054.30861878801,2245.97483458793,3898.50453467267
2017-06-04,155,"Daytime",45.978394,1301.65462918822,1953.72324624118,1326.47449575396,886.967079049328,625.588938322862,1052.89686435694,1250.61478755503,2167.28646518782,744.451600781937,851.001273785222,1546.6524146727,1171.42017398518,497.119746108781,2678.78726430478,1776.21313535642,1209.97234240042,NA,1984.01918484109,NA,684.31152550264,2180.90076404759,4188.22423668866,1671.90652507634,NA,3345.79035106244,1689.48800099828,2786.22022820181,2189.96854484592,5928.92491640291,818.385459285142,1580.05189793149,2979.10193413738
2017-06-05,156,"Daytime",9.191109,284.249880988966,358.308900160741,295.957154074515,306.396881644721,131.557798249175,363.758460369099,252.350706828743,476.329235283629,209.397205871683,212.323938616722,314.651225339459,319.466747020377,148.485131223826,651.952004009311,328.027848351055,384.99758977331,NA,624.902148239615,NA,359.81977154567,638.835715119342,1181.00910045438,382.770081286857,NA,816.601565252871,559.435330909351,714.424182694293,544.740123749567,1037.70455917788,479.513402304671,480.5877198037,872.269425221347
2017-06-06,157,"Daytime",68.86256,1405.79793260319,1883.95548419,1365.33763383593,994.258238384708,649.704964950765,1191.26136444851,1273.07676213984,2035.43889293359,856.105083380297,883.436855372485,1616.95453148165,1248.90266546708,545.854470873004,2410.76690411658,1766.8957875529,1295.2531837889,NA,2271.72758342072,NA,948.755277218512,2200.14797495747,4133.85463803979,1795.59226345778,NA,3092.9565590135,1493.95736378486,2974.40839008089,2293.10167700757,5222.76298248211,1313.04333425103,1738.22773842465,3045.23082921252
2017-06-07,158,"Daytime",58.266809,1428.5996583086,1894.15483516687,1394.25314211151,1112.65067595953,712.984203843482,1288.68752319534,1321.93213537004,2079.50878099459,948.750137748507,965.940435761834,1559.05760065479,1343.40902842287,554.525284232745,2535.97302780642,1683.2665039594,1425.74028413989,NA,2303.17916744251,NA,1109.22423927182,2244.97600356961,4266.12753605146,1869.99449233144,NA,2992.20598984919,1793.32557994272,3032.98743014382,2280.83209651193,4707.28724291733,1325.55493221688,1788.32437083624,3191.49568451985
2017-06-08,159,"Daytime",37.127984,965.662399252097,1394.99549018889,1048.45116566636,784.02198362492,479.691923521784,1010.3008901397,952.802564297485,1492.56127451781,644.403114989614,665.637401125116,1110.9252480003,1007.81713821919,389.454405597855,1895.95810882125,1212.1367104924,1107.63283749302,NA,1756.21274725769,NA,956.671191857355,1727.31964474744,3315.28895301599,1402.06854759998,NA,3389.83851502088,1486.8932417231,2178.57226848987,1722.15575358574,3084.60830517579,1180.7566382253,1309.39971242811,2553.03231268147
2017-06-09,160,"Daytime",67.60347,1636.5079750606,2381.82344467303,1666.58277528893,1111.89945916068,828.468417836227,1372.95859716591,1603.12370009245,2467.82440422921,973.928948207405,1113.94473954406,1932.99151483518,1483.10793894785,609.530482013409,2887.00224526428,2138.67758021482,1526.82904325132,NA,2601.79222799616,NA,882.795607826768,2640.44652790192,5325.08604413174,2155.33686939391,NA,4019.77929583637,1976.26347497281,3406.19564619362,2792.9941347952,6412.70493871488,1296.829845969,1929.02536894543,3588.84481625893
2017-06-10,161,"Daytime",80.16586,1837.36030380142,2691.92231448188,1855.46155768095,1081.79037785567,887.573117144998,1368.80831065745,1772.7439783334,2856.9260538543,960.452779729881,1118.77532894461,2256.7642467889,1523.89355674744,360.217557189693,3165.30895250546,2524.77765184526,1562.7012752389,1878.2083671345,2829.7341147045,2604.01329598344,722.840281020117,3194.43260608397,6244.15728592124,2430.84963888943,5144.08130337567,6027.82133345442,2057.9553219039,4075.39281537495,3302.22090014918,10072.2464308834,1082.24405497788,2129.19106597719,3952.42541302871
2017-06-11,162,"Daytime",72.9123,1658.93372821779,2345.16711579623,1630.83775539019,1079.17550291351,793.220860186803,1289.2458268227,1522.63375030387,2550.37444479183,870.282237452711,1088.15798294538,2035.9598164901,1457.94264040414,773.107635002634,2649.80028630396,2163.64987316871,1477.6244554752,1732.44747162838,2595.22299304763,4435.61568792295,751.232939108131,2899.93133907874,5561.9751700309,2191.94254568898,4600.05458255089,4119.08941268493,1853.18177464694,3719.66846679674,2985.21690270082,8124.31752249888,1095.13237884422,1968.37690970014,3684.4333513513
2017-06-12,163,"Daytime",53.01736,1410.54311220275,1862.06065975194,1336.6008378831,964.52873665015,658.361286758429,1149.6192353569,1184.88715588516,2102.57086575135,799.067469380176,991.754184253961,1659.24921086151,1242.38184031371,627.932800033534,2055.85338094159,1718.59155692242,1325.26761318155,1577.84360497669,2295.64528554479,2474.89628090844,693.8444327464,2503.18054009052,4927.40231381657,1816.84286173009,NA,3564.38849172176,1763.54520891474,3076.23157923144,2496.26149910697,5688.87854026462,1156.53066320214,1739.83021471294,3221.65504804697
2017-06-13,164,"Daytime",41.39501,1064.01253692405,1333.53452908856,938.826357839301,760.420662514923,506.059914589171,898.579524454269,860.895406211699,1544.80188782543,652.040610871905,794.460741932774,1168.63648495165,993.997505286745,1044.8237356963,1514.89851969464,1199.02426604338,1076.13071252802,1334.48431367249,1797.37182463173,1375.16316248968,725.255332238777,1839.23936734385,3706.32766384266,1346.38092097943,NA,2331.87738806615,1451.6361172431,2263.57081844446,1800.94530372437,3952.07976105252,1088.42609946175,1271.92102870233,2449.7777767764
2017-06-14,165,"Daytime",57.30402,1545.01986068356,2115.60034950457,1536.58536391403,960.164289607127,710.718054539547,1211.08026324088,1410.23189828505,2240.91690891234,889.9176822213,1003.59697328615,1753.38710733921,1331.64876714037,875.817350177017,2230.63123770002,1893.75757076833,1363.97553579663,1633.69457498335,2427.08293564126,2072.66388673092,811.564397785944,2718.38133839737,5119.08089149446,1988.96638885225,3270.45325725139,3418.94091930871,1645.60746436772,3262.68730505042,2578.72658023172,6786.38259821793,1099.07729689744,1836.61333405872,3406.68180045536
2017-06-15,166,"Daytime",30.926736,1068.13033934093,1381.07391192097,1059.69004354899,788.409616804266,519.460197660314,900.314287082381,988.368644171675,1609.37497977396,637.457511111528,701.600401793226,1193.50076467191,946.051810951631,357.857955948772,1573.92806857837,1301.41994405129,1040.10776393819,1264.09848452877,1788.48029803156,1367.90267937605,657.104865570426,2039.5073182131,3792.66297454711,1464.07744286727,NA,2814.34688140648,1396.69407682354,2360.26225829061,1922.49799394868,4703.18091802035,916.273787101753,1282.61917786583,2612.4531758628
2017-06-16,167,"Daytime",22.690349,738.828093418973,868.173467395746,738.940128622027,679.7227385398,383.241136108628,642.930139349078,678.071860128229,1106.5782759079,502.610088138556,512.455309952425,755.456483751463,615.674638770813,257.719635717318,1149.56751427405,792.019289394234,672.257541048585,909.629817403783,1317.70810335597,994.580949778004,561.824200759585,1480.3882157661,2863.48214440438,1103.29084148278,1529.54024266827,2331.48069793475,1348.13193661445,1705.23321010276,1270.39530001863,3081.30675805365,866.804605718183,967.323995791087,1634.87535362869
2017-06-17,168,"Daytime",33.40415,1014.59473151051,1350.36237140482,1038.92568921055,884.052827816657,605.892173957093,942.769936213064,971.601608852671,1341.59906522775,747.197928478477,771.357696672351,1140.3898373005,893.25697660879,395.330490541105,2090.56614447235,1239.34186321886,937.795010574856,1082.36939485498,1778.8876754212,1338.24892307471,712.742463795555,2020.09286941745,3341.62192437567,1489.9971833653,2446.85049275225,2396.72438904745,1204.64861943723,2430.30463725502,1705.71555748388,3824.2342079895,856.063018114103,1377.53640674933,2124.92669873053
2017-06-18,169,"Daytime",50.9362,1344.15345606571,1749.11853598239,1356.9411480483,957.229301062912,639.255619522583,1186.45445913935,1220.54182269993,1845.13106651542,951.535777720699,903.145737142439,1487.90794698026,1157.99314280086,413.116962282245,2360.68403649993,1654.90023672487,1247.7721587325,1495.64811790555,2145.13014035451,1534.23851843177,898.807761223938,2244.39429910704,3151.31245415168,1654.13936835959,3052.30113814496,2969.33075992555,1046.13650249226,2830.88220678527,1839.87472708189,4690.99199767632,860.067429180389,1611.53943065985,2578.87182049295
2017-06-19,170,"Daytime",26.73588,865.446830156788,1160.70189677121,1052.19069457369,720.883648749232,451.475087181815,867.855970679271,834.781137039797,1298.45695259725,655.53473368414,618.785054585796,998.088322236128,828.236504677074,540.239962320578,1500.72803693592,1120.33595657238,943.86281761319,1196.53168947467,1579.98471656431,1079.99963641642,722.505221453445,1597.19542163732,2288.56248644768,1174.67295268552,1852.33310038637,2118.18031466673,894.055881518493,1965.77001347389,1348.40252491567,2924.63075732803,810.115836280132,1160.00190545609,1875.20877372892
2017-06-20,171,"Daytime",34.452077,1057.17912100717,1360.61191139889,1072.24105824604,875.762190384482,534.052975517217,1077.41481521669,943.418681199135,1517.9470747213,787.69010026359,749.206432840032,1190.90857135301,1000.83260168165,391.099883756433,1878.39823949699,1259.62716643282,1173.54077090441,1276.88814371812,1861.20378489769,1243.51445170081,844.190485458759,1791.88092238591,2678.53653450637,1359.45330435677,2015.83040861272,2469.20452475065,1009.5893917271,2258.42850434919,1552.02433828271,3018.22584204883,1124.69060475199,1385.86929394367,2201.19685249179
2017-06-21,172,"Daytime",46.633981,1484.67667408752,1850.60310328277,1410.42161662193,1062.98708651293,749.524841955632,1310.17536830512,1295.37922031358,2054.75263658211,1081.07711822132,1047.26391436875,1557.15750787834,1279.83187604965,374.191319876167,2318.35395367948,1718.86699914807,1484.15448544902,1668.21254803102,2470.54804943797,NA,1003.80567546225,2389.00828078092,3526.35629130868,1808.38058641953,3190.45567365894,3812.99789768978,1248.32603651127,2943.96821183644,2142.17093011106,4659.61194481681,1302.06191634326,1777.88759049766,2840.50751861299
2017-06-22,173,"Daytime",34.92247,1063.81888297125,1383.33653403315,1064.5666011741,822.347769605984,554.635765496629,1019.86849647064,979.505114838852,1556.97061233083,789.590339485234,733.213506204583,1173.59379111426,939.231622915699,415.128387275327,1739.91946125563,1330.78379891934,1166.17977151258,1262.11998774709,1903.2177582041,NA,800.882462052269,1860.17988323354,2629.27381359347,1360.91832427629,2387.86735374486,2673.45942602059,1020.27845967205,2287.43390279537,1649.07754977575,3583.34956556608,1004.03030078943,1387.40031349878,2244.03617061928
2017-06-23,174,"Daytime",39.37266,1152.07868025267,1490.30519619744,1132.82070580458,876.011886511213,648.637460936455,1130.35715119092,1073.19597013972,1731.17296310733,839.326496530303,865.899476882734,1382.94468195935,1074.19086667428,406.384150944368,1836.10362126389,1374.018158341,1280.11454091467,1376.02469647427,2082.1701139436,NA,883.413671105511,1810.07606114357,2750.1072330607,1552.79586727608,2463.58208484509,2322.58112454025,1249.57571877354,2430.80339173938,1664.17466378472,3801.83702813838,1515.5375676375,1435.75014936431,2446.8333536571
2017-06-24,175,"Daytime",52.215287,1567.26435767784,2080.26014210704,1558.86022351079,1107.7155061012,806.166841939032,1385.7728239942,1473.9801818628,2272.80878447466,1112.58415732826,1040.6065271616,1776.06273692428,1402.0873747951,502.561472288558,2522.71932179394,1873.22707949,1588.11094002079,1708.07311639985,2714.634334587,NA,982.320772863642,2600.97050632842,3493.04635908357,2126.65376079191,3544.39829829683,3272.34677870667,1417.72250389276,3371.32439590572,2299.58792945141,5666.84696291442,1191.16378922282,1876.12446399269,3112.25394853195
2017-06-25,176,"Daytime",49.39117,1471.35145843681,2086.90980899249,1564.71907732026,1004.8428053531,766.44423192061,1338.36264070272,1443.22192208865,2196.51668082886,1019.21112477649,984.099931596211,1757.53220355742,1379.51361732117,684.409589671853,2215.1817975096,1829.196776995,1497.99662727735,1602.39003162175,2515.87198303312,3310.02363323305,874.166040414905,2402.0121293926,3284.5737670366,2058.70915331931,3150.45891644632,3480.31024744269,1372.77031196216,3044.35119001391,2138.56878925252,4680.73811581335,1097.43991314584,1751.71703738935,2923.84889288378
2017-06-26,177,"Daytime",71.04578,1980.29074828466,2994.20981291412,2161.55594067944,1154.30724107188,1043.74974157638,1589.12699988116,2012.99797521157,3009.70441637665,1345.00592689863,1249.44823282966,2381.30242328096,1697.11341039372,780.151506737176,2921.16706267906,2573.61910221005,1810.08512937735,1867.52747591375,3188.70520212152,3739.36305988398,893.154662767845,3026.18721671446,4080.892998721,2701.57306872182,4596.24694214641,4843.64082299399,1615.18218611918,3938.26865123578,2711.37830065956,7283.9027940367,1156.20426183661,2185.17646200642,3576.86397262365
2017-06-27,178,"Daytime",50.943301,1580.16266242342,2287.25193521752,1743.15338225858,966.574008632407,806.350934718292,1408.45554040149,1546.7144136367,2386.01359950469,1132.55263921022,1063.59452470367,1896.33036349926,1431.44614188802,886.406099521487,2332.78018291441,1976.80092968493,1584.67725736406,1677.42579483693,2777.25770801547,2221.1027404996,916.051567435994,2484.51663924632,3344.80689923257,2216.69500981923,3252.11555501092,3870.18497451076,1365.38649920472,3185.1118931123,2240.45863855752,5058.8126298048,1101.31570016096,1830.61037596419,3096.21142159934
2017-06-28,179,"Daytime",61.67363,1844.4260489905,2770.7628691592,2029.75070248569,997.298841736234,940.750792627818,1479.03301070446,1863.73184731584,2816.8398046125,1228.82016083276,1164.69313622526,2180.28900268386,1518.81964997133,1412.30376786658,2649.43784356466,2447.75892269846,1687.75467535819,1757.25415013683,3186.95801243282,2763.80832199233,842.147491855044,2976.02208389118,3928.89127749691,2578.16253173205,4408.04307330054,4381.93897552122,1605.19735996165,3828.03215217178,2641.99692995015,7590.57887852007,1032.21203935947,2115.92949097318,3441.31340227423
2017-06-29,180,"Daytime",63.64463,1858.70029595335,2697.0993630596,1898.51314665569,1014.99572079726,934.973407594176,1400.37434363346,1815.08733065974,2719.52408156334,1189.56945917709,1206.85443699706,2112.54566421636,1492.86003476374,1325.76376157723,2587.47575920638,2311.37491987495,1608.52228265264,1725.73296964592,3125.21206323776,2631.73842043895,865.060516444056,3002.45849439489,4201.84670727915,2433.03844961513,4603.16059884751,4523.14395207748,1733.1642127719,3962.79063597453,2913.27832024879,7992.18751077562,1084.7820170898,2075.27192044805,3283.70443372095
2017-06-30,181,"Daytime",36.4879966,1145.87319387592,1553.15102313819,1163.77351736579,813.09077065729,597.252102135428,1042.37275566409,1079.39031214417,1661.00322016514,843.217118336203,853.763202936886,1258.37430451667,1062.56319277572,646.965717877723,1818.2015747863,1318.91871980902,1188.16761763169,1349.95067599986,2111.75008286924,1719.90863035271,837.307583023914,1992.58548245438,2975.54009227666,1490.85715630726,2382.60512594389,2680.35658097732,1299.04362908832,2408.87653066479,1819.66243163976,3736.15969063319,1123.96350979262,1460.51864359247,2284.63642179231
